pu_borough,pu_zone,pickup_hour,trip_count,median_duration_min,median_speed_mph,avg_trip_distance_miles
Bronx,Allerton/Pelham Gardens,0,3,21.37,24.01,9.433
Bronx,Allerton/Pelham Gardens,1,2,15.64,15.97,5.145
Bronx,Allerton/Pelham Gardens,2,1,11.98,14.67,2.93
Bronx,Allerton/Pelham Gardens,3,2,10.52,17.91,3.78
Bronx,Allerton/Pelham Gardens,4,7,25.2,32.92,11.177
Bronx,Allerton/Pelham Gardens,5,18,42.76,17.39,10.949
Bronx,Allerton/Pelham Gardens,6,21,32.25,15.45,9.89
Bronx,Allerton/Pelham Gardens,7,12,17.98,11.93,7.274
Bronx,Allerton/Pelham Gardens,8,21,25.97,11.71,6.759
Bronx,Allerton/Pelham Gardens,9,12,41.62,14.6,8.986
Bronx,Allerton/Pelham Gardens,10,6,62.28,8.2,10.083
Bronx,Allerton/Pelham Gardens,11,4,54.52,8.24,9.725
Bronx,Allerton/Pelham Gardens,12,4,31.43,8.41,6.775
Bronx,Allerton/Pelham Gardens,13,4,54.85,13.05,12.375
Bronx,Allerton/Pelham Gardens,14,9,34.22,13.4,7.592
Bronx,Allerton/Pelham Gardens,15,5,15.05,12.18,7.804
Bronx,Allerton/Pelham Gardens,16,6,48.62,12.38,11.07
Bronx,Allerton/Pelham Gardens,17,1,79.88,4.88,6.5
Bronx,Allerton/Pelham Gardens,18,2,36.03,20.57,12.45
Bronx,Allerton/Pelham Gardens,19,3,4.85,14.26,1.863
Bronx,Allerton/Pelham Gardens,21,4,40.01,12.91,8.158
Bronx,Allerton/Pelham Gardens,22,3,16.0,24.48,7.717
Bronx,Allerton/Pelham Gardens,23,3,23.67,12.45,7.573
Bronx,Bedford Park,0,6,16.76,15.17,4.163
Bronx,Bedford Park,3,4,16.43,18.11,5.993
Bronx,Bedford Park,4,20,33.88,17.44,10.675
Bronx,Bedford Park,5,7,18.73,19.95,7.116
Bronx,Bedford Park,6,30,32.54,17.96,10.592
Bronx,Bedford Park,7,34,23.78,13.02,7.149
Bronx,Bedford Park,8,39,21.35,11.18,5.888
Bronx,Bedford Park,9,17,39.42,13.96,10.127
Bronx,Bedford Park,10,15,32.4,13.38,10.0
Bronx,Bedford Park,11,12,32.18,10.14,7.346
Bronx,Bedford Park,12,11,35.48,11.08,9.177
Bronx,Bedford Park,13,13,45.33,16.01,12.306
Bronx,Bedford Park,14,19,48.55,14.09,12.724
Bronx,Bedford Park,15,16,34.2,10.98,7.954
Bronx,Bedford Park,16,7,34.93,10.23,7.716
Bronx,Bedford Park,17,8,23.07,11.96,10.023
Bronx,Bedford Park,18,4,12.64,8.75,5.04
Bronx,Bedford Park,19,6,16.15,9.07,3.677
Bronx,Bedford Park,20,9,18.63,12.11,7.256
Bronx,Bedford Park,21,6,17.16,19.29,6.158
Bronx,Bedford Park,22,6,15.29,12.06,3.263
Bronx,Bedford Park,23,6,17.56,19.08,4.39
Bronx,Belmont,0,2,13.03,18.65,3.86
Bronx,Belmont,1,3,13.35,14.38,5.697
Bronx,Belmont,2,2,9.75,15.96,2.63
Bronx,Belmont,4,7,19.57,26.53,10.08
Bronx,Belmont,5,12,24.08,21.19,9.373
Bronx,Belmont,6,10,31.95,14.29,9.541
Bronx,Belmont,7,15,33.83,10.37,8.932
Bronx,Belmont,8,15,22.73,9.67,5.677
Bronx,Belmont,9,11,34.9,10.47,8.311
Bronx,Belmont,10,10,47.86,7.7,6.354
Bronx,Belmont,11,8,54.33,10.41,8.215
Bronx,Belmont,12,4,49.35,16.56,12.763
Bronx,Belmont,13,8,38.1,12.62,11.7
Bronx,Belmont,14,6,43.92,13.55,11.757
Bronx,Belmont,15,8,67.33,11.06,10.711
Bronx,Belmont,16,18,24.62,11.38,8.099
Bronx,Belmont,17,8,31.03,9.42,7.458
Bronx,Belmont,18,5,16.2,9.63,4.432
Bronx,Belmont,19,6,21.43,13.41,7.233
Bronx,Belmont,20,4,17.95,19.25,8.77
Bronx,Belmont,21,7,14.6,17.88,6.764
Bronx,Belmont,22,3,12.73,18.75,6.29
Bronx,Belmont,23,5,22.0,17.43,6.232
Bronx,Bronx Park,0,1,15.85,18.78,4.96
Bronx,Bronx Park,3,1,15.17,23.82,6.02
Bronx,Bronx Park,4,1,10.07,13.71,2.3
Bronx,Bronx Park,6,6,14.22,27.12,7.042
Bronx,Bronx Park,8,5,17.12,9.77,5.65
Bronx,Bronx Park,10,1,27.8,5.61,2.6
Bronx,Bronx Park,13,1,47.95,21.52,17.2
Bronx,Bronx Park,14,1,98.85,7.59,12.5
Bronx,Bronx Park,15,1,30.15,24.04,12.08
Bronx,Bronx Park,16,1,34.0,29.84,16.91
Bronx,Bronx Park,20,1,30.3,30.18,15.24
Bronx,Bronx Park,22,3,7.0,11.85,1.517
Bronx,Bronx Park,23,2,10.96,31.01,5.72
Bronx,Bronxdale,0,4,10.02,14.35,2.458
Bronx,Bronxdale,1,1,3.05,11.8,0.6
Bronx,Bronxdale,2,1,24.93,31.52,13.1
Bronx,Bronxdale,4,3,32.72,25.31,10.54
Bronx,Bronxdale,5,11,24.95,21.14,9.655
Bronx,Bronxdale,6,23,25.35,15.6,8.306
Bronx,Bronxdale,7,17,43.88,12.99,10.115
Bronx,Bronxdale,8,25,27.48,12.44,7.813
Bronx,Bronxdale,9,16,34.09,14.28,8.127
Bronx,Bronxdale,10,6,27.09,9.4,4.917
Bronx,Bronxdale,11,14,40.01,11.61,8.566
Bronx,Bronxdale,12,8,46.58,11.5,7.634
Bronx,Bronxdale,13,14,43.79,10.64,9.399
Bronx,Bronxdale,14,9,29.95,15.41,8.871
Bronx,Bronxdale,15,9,24.68,9.24,5.62
Bronx,Bronxdale,16,6,40.19,10.0,7.247
Bronx,Bronxdale,17,10,53.52,14.91,12.777
Bronx,Bronxdale,18,5,46.3,10.62,9.55
Bronx,Bronxdale,19,1,12.85,17.23,3.69
Bronx,Bronxdale,20,3,40.68,19.02,11.397
Bronx,Bronxdale,21,8,48.48,17.85,12.763
Bronx,Bronxdale,22,2,20.05,25.03,10.375
Bronx,Bronxdale,23,8,12.47,25.66,8.718
Bronx,City Island,3,1,22.37,28.7,10.7
Bronx,City Island,7,1,56.7,19.12,18.07
Bronx,City Island,9,3,43.17,15.1,9.367
Bronx,City Island,11,1,48.47,16.34,13.2
Bronx,City Island,13,1,69.07,9.9,11.4
Bronx,City Island,15,1,73.23,13.68,16.7
Bronx,City Island,16,1,38.6,27.58,17.74
Bronx,City Island,17,2,52.72,17.21,13.85
Bronx,City Island,18,1,32.08,25.49,13.63
Bronx,City Island,20,3,20.3,20.27,9.87
Bronx,City Island,21,2,31.86,26.91,14.935
Bronx,City Island,22,1,12.07,31.13,6.26
Bronx,City Island,23,2,19.57,28.54,9.1
Bronx,Claremont/Bathgate,0,5,16.0,19.84,5.308
Bronx,Claremont/Bathgate,1,3,11.57,11.25,3.453
Bronx,Claremont/Bathgate,2,2,6.18,4.43,0.465
Bronx,Claremont/Bathgate,3,2,15.1,28.71,7.86
Bronx,Claremont/Bathgate,4,7,17.72,20.25,7.366
Bronx,Claremont/Bathgate,5,28,44.36,15.83,10.806
Bronx,Claremont/Bathgate,6,36,32.42,18.84,10.584
Bronx,Claremont/Bathgate,7,46,30.3,10.44,6.068
Bronx,Claremont/Bathgate,8,26,26.13,9.72,7.024
Bronx,Claremont/Bathgate,9,20,27.88,11.51,6.859
Bronx,Claremont/Bathgate,10,11,30.85,8.96,7.092
Bronx,Claremont/Bathgate,11,21,35.52,11.26,8.261
Bronx,Claremont/Bathgate,12,13,54.28,11.43,10.446
Bronx,Claremont/Bathgate,13,14,23.53,11.04,6.677
Bronx,Claremont/Bathgate,14,24,31.28,9.56,6.525
Bronx,Claremont/Bathgate,15,8,32.4,8.58,7.651
Bronx,Claremont/Bathgate,16,12,29.37,9.95,5.783
Bronx,Claremont/Bathgate,17,5,35.15,8.02,5.034
Bronx,Claremont/Bathgate,18,2,65.41,11.26,11.45
Bronx,Claremont/Bathgate,19,4,20.66,11.75,7.833
Bronx,Claremont/Bathgate,20,2,36.85,24.99,14.395
Bronx,Claremont/Bathgate,21,3,43.03,23.89,12.327
Bronx,Claremont/Bathgate,22,7,13.55,15.1,6.067
Bronx,Claremont/Bathgate,23,3,16.77,11.58,4.59
Bronx,Co-Op City,0,10,16.47,27.37,9.11
Bronx,Co-Op City,1,2,19.04,22.46,7.265
Bronx,Co-Op City,2,1,17.95,25.74,7.7
Bronx,Co-Op City,3,1,45.5,21.36,16.2
Bronx,Co-Op City,4,15,21.18,28.19,12.013
Bronx,Co-Op City,5,38,41.96,20.38,14.435
Bronx,Co-Op City,6,71,48.1,15.45,11.851
Bronx,Co-Op City,7,39,42.55,14.44,10.344
Bronx,Co-Op City,8,51,34.17,14.38,10.358
Bronx,Co-Op City,9,44,46.72,14.14,11.644
Bronx,Co-Op City,10,36,53.93,12.0,10.19
Bronx,Co-Op City,11,35,55.83,12.16,11.539
Bronx,Co-Op City,12,26,50.29,14.36,13.255
Bronx,Co-Op City,13,19,40.17,13.39,11.231
Bronx,Co-Op City,14,15,45.53,12.48,10.485
Bronx,Co-Op City,15,14,35.42,14.11,10.716
Bronx,Co-Op City,16,17,39.32,10.21,9.941
Bronx,Co-Op City,17,6,19.15,11.07,5.37
Bronx,Co-Op City,18,20,27.78,14.26,8.921
Bronx,Co-Op City,19,13,19.63,20.22,8.951
Bronx,Co-Op City,20,18,16.8,24.38,6.437
Bronx,Co-Op City,21,12,17.25,23.63,6.993
Bronx,Co-Op City,22,18,15.46,20.59,6.784
Bronx,Co-Op City,23,11,18.25,20.68,6.53
Bronx,Country Club,1,1,11.25,22.67,4.25
Bronx,Country Club,2,2,21.21,22.88,8.02
Bronx,Country Club,3,1,23.0,29.71,11.39
Bronx,Country Club,4,1,20.83,28.71,9.97
Bronx,Country Club,5,2,36.41,27.52,16.7
Bronx,Country Club,6,1,20.37,28.28,9.6
Bronx,Country Club,7,3,45.55,16.53,12.563
Bronx,Country Club,8,2,18.19,19.3,8.305
Bronx,Country Club,9,1,7.27,14.78,1.79
Bronx,Country Club,10,1,7.32,25.75,3.14
Bronx,Country Club,14,1,20.87,17.14,5.96
Bronx,Country Club,16,1,71.0,21.65,25.62
Bronx,Country Club,18,2,22.18,27.7,10.115
Bronx,Country Club,19,1,25.8,37.37,16.07
Bronx,Country Club,21,1,22.37,22.53,8.4
Bronx,Crotona Park,6,2,10.78,19.31,3.66
Bronx,Crotona Park,9,2,64.72,11.35,12.25
Bronx,Crotona Park,13,1,49.1,19.8,16.2
Bronx,Crotona Park,14,1,20.45,10.09,3.44
Bronx,Crotona Park,23,1,16.03,9.36,2.5
Bronx,Crotona Park East,0,7,13.73,15.6,3.136
Bronx,Crotona Park East,1,3,14.27,31.7,8.59
Bronx,Crotona Park East,2,4,12.58,10.2,2.677
Bronx,Crotona Park East,3,4,12.13,15.8,3.183
Bronx,Crotona Park East,4,3,9.72,10.44,1.687
Bronx,Crotona Park East,5,9,35.32,16.97,10.483
Bronx,Crotona Park East,6,24,29.73,14.86,9.763
Bronx,Crotona Park East,7,37,30.13,13.07,6.848
Bronx,Crotona Park East,8,33,24.0,12.14,6.783
Bronx,Crotona Park East,9,12,24.32,11.17,6.536
Bronx,Crotona Park East,10,7,29.45,15.12,8.124
Bronx,Crotona Park East,11,8,24.65,14.46,7.449
Bronx,Crotona Park East,12,14,43.18,14.16,10.914
Bronx,Crotona Park East,13,7,22.13,9.46,4.456
Bronx,Crotona Park East,14,12,40.26,10.93,8.036
Bronx,Crotona Park East,15,10,33.99,10.16,6.565
Bronx,Crotona Park East,16,6,27.66,12.15,6.765
Bronx,Crotona Park East,17,3,42.73,12.36,10.097
Bronx,Crotona Park East,18,5,15.93,10.77,7.568
Bronx,Crotona Park East,19,4,26.65,19.49,10.425
Bronx,Crotona Park East,20,5,14.92,14.81,7.206
Bronx,Crotona Park East,21,6,18.3,18.11,8.46
Bronx,Crotona Park East,22,9,12.37,21.53,5.67
Bronx,Crotona Park East,23,2,23.0,30.35,12.83
Bronx,East Concourse/Concourse Village,0,8,11.35,12.78,2.828
Bronx,East Concourse/Concourse Village,1,11,17.78,14.41,5.713
Bronx,East Concourse/Concourse Village,2,5,13.1,14.91,4.128
Bronx,East Concourse/Concourse Village,3,8,15.57,15.61,4.778
Bronx,East Concourse/Concourse Village,4,17,24.15,15.4,6.441
Bronx,East Concourse/Concourse Village,5,16,18.55,13.23,7.243
Bronx,East Concourse/Concourse Village,6,65,31.1,12.54,7.712
Bronx,East Concourse/Concourse Village,7,83,26.0,12.6,7.231
Bronx,East Concourse/Concourse Village,8,68,37.64,8.01,5.81
Bronx,East Concourse/Concourse Village,9,38,46.81,9.63,8.781
Bronx,East Concourse/Concourse Village,10,34,29.08,9.63,6.11
Bronx,East Concourse/Concourse Village,11,40,32.33,9.08,6.173
Bronx,East Concourse/Concourse Village,12,33,28.55,8.48,5.676
Bronx,East Concourse/Concourse Village,13,34,34.83,12.18,7.418
Bronx,East Concourse/Concourse Village,14,32,28.03,10.78,6.448
Bronx,East Concourse/Concourse Village,15,31,31.35,10.2,7.006
Bronx,East Concourse/Concourse Village,16,31,34.08,8.28,7.057
Bronx,East Concourse/Concourse Village,17,43,26.93,10.21,8.719
Bronx,East Concourse/Concourse Village,18,20,16.8,8.81,6.032
Bronx,East Concourse/Concourse Village,19,14,20.51,13.37,6.709
Bronx,East Concourse/Concourse Village,20,15,16.38,14.67,5.604
Bronx,East Concourse/Concourse Village,21,5,22.0,15.06,7.056
Bronx,East Concourse/Concourse Village,22,27,16.12,16.89,5.178
Bronx,East Concourse/Concourse Village,23,15,13.28,12.58,4.223
Bronx,East Tremont,0,5,15.0,28.68,10.702
Bronx,East Tremont,2,2,8.36,21.7,2.54
Bronx,East Tremont,3,3,14.53,13.05,2.707
Bronx,East Tremont,4,5,12.13,15.12,3.52
Bronx,East Tremont,5,17,28.0,17.19,8.836
Bronx,East Tremont,6,31,23.88,19.02,7.762
Bronx,East Tremont,7,40,31.73,12.69,7.207
Bronx,East Tremont,8,38,25.4,12.74,7.197
Bronx,East Tremont,9,23,38.15,12.3,7.305
Bronx,East Tremont,10,18,38.17,12.62,9.111
Bronx,East Tremont,11,18,45.67,11.16,9.102
Bronx,East Tremont,12,16,43.98,13.64,10.841
Bronx,East Tremont,13,12,29.08,12.85,8.379
Bronx,East Tremont,14,17,42.52,12.55,9.869
Bronx,East Tremont,15,16,44.0,13.22,8.817
Bronx,East Tremont,16,14,42.83,9.6,7.256
Bronx,East Tremont,17,9,24.25,8.22,5.544
Bronx,East Tremont,18,8,27.37,8.59,4.915
Bronx,East Tremont,19,6,22.03,11.8,4.798
Bronx,East Tremont,20,5,27.0,11.47,7.326
Bronx,East Tremont,21,6,10.05,12.43,3.042
Bronx,East Tremont,22,6,17.04,19.39,5.547
Bronx,East Tremont,23,8,14.78,13.51,3.305
Bronx,Eastchester,0,4,14.08,13.0,5.363
Bronx,Eastchester,3,2,10.78,19.26,4.805
Bronx,Eastchester,4,6,7.03,17.55,5.29
Bronx,Eastchester,5,11,33.05,16.54,8.422
Bronx,Eastchester,6,27,36.0,19.15,11.648
Bronx,Eastchester,7,21,38.28,13.7,9.276
Bronx,Eastchester,8,31,30.5,13.77,8.201
Bronx,Eastchester,9,21,34.37,11.7,7.533
Bronx,Eastchester,10,9,29.12,11.33,9.657
Bronx,Eastchester,11,8,28.98,11.71,8.45
Bronx,Eastchester,12,10,51.29,13.25,12.132
Bronx,Eastchester,13,10,25.26,14.61,7.898
Bronx,Eastchester,14,9,48.23,14.68,10.719
Bronx,Eastchester,15,10,30.49,12.44,8.132
Bronx,Eastchester,16,6,35.53,13.7,11.962
Bronx,Eastchester,17,6,63.43,17.07,15.762
Bronx,Eastchester,18,3,14.33,13.81,3.647
Bronx,Eastchester,19,4,16.61,22.77,8.455
Bronx,Eastchester,20,6,26.05,26.06,12.108
Bronx,Eastchester,21,2,29.51,26.38,12.55
Bronx,Eastchester,22,9,17.2,25.13,7.359
Bronx,Eastchester,23,4,23.07,19.66,6.96
Bronx,Fordham South,1,1,1.08,5.54,0.1
Bronx,Fordham South,2,2,13.74,14.99,3.525
Bronx,Fordham South,4,8,23.78,26.86,9.0
Bronx,Fordham South,5,9,26.9,13.06,5.767
Bronx,Fordham South,6,19,39.02,11.11,9.235
Bronx,Fordham South,7,23,32.48,10.66,5.962
Bronx,Fordham South,8,13,51.75,12.33,8.645
Bronx,Fordham South,9,11,26.43,13.28,9.371
Bronx,Fordham South,10,4,42.29,6.05,4.575
Bronx,Fordham South,11,3,47.2,10.93,9.8
Bronx,Fordham South,12,1,17.23,11.07,3.18
Bronx,Fordham South,13,7,36.32,16.05,8.194
Bronx,Fordham South,14,8,28.88,10.71,6.861
Bronx,Fordham South,15,7,48.28,15.28,11.419
Bronx,Fordham South,16,8,44.51,12.74,11.159
Bronx,Fordham South,17,5,19.65,10.47,4.796
Bronx,Fordham South,18,1,24.55,4.64,1.9
Bronx,Fordham South,20,1,27.38,12.05,5.5
Bronx,Fordham South,21,2,47.86,10.53,9.85
Bronx,Fordham South,22,5,13.23,18.32,4.738
Bronx,Fordham South,23,1,16.4,12.8,3.5
Bronx,Highbridge,0,4,16.93,17.57,5.395
Bronx,Highbridge,1,7,14.83,16.59,4.56
Bronx,Highbridge,2,5,15.85,14.9,3.902
Bronx,Highbridge,4,14,17.08,23.67,8.314
Bronx,Highbridge,5,17,31.6,19.23,10.009
Bronx,Highbridge,6,42,35.3,16.84,9.024
Bronx,Highbridge,7,71,25.5,14.68,7.43
Bronx,Highbridge,8,43,27.12,12.32,7.03
Bronx,Highbridge,9,31,23.35,12.0,5.973
Bronx,Highbridge,10,12,35.64,12.92,8.578
Bronx,Highbridge,11,21,20.92,11.36,6.413
Bronx,Highbridge,12,23,32.05,12.48,7.129
Bronx,Highbridge,13,18,20.88,10.64,5.508
Bronx,Highbridge,14,19,42.37,10.81,7.482
Bronx,Highbridge,15,11,30.8,11.35,5.971
Bronx,Highbridge,16,11,22.63,11.03,6.795
Bronx,Highbridge,17,10,16.11,8.81,4.332
Bronx,Highbridge,18,8,26.31,13.45,9.035
Bronx,Highbridge,19,9,17.0,10.3,2.443
Bronx,Highbridge,20,8,16.51,13.42,4.018
Bronx,Highbridge,21,5,28.63,28.13,11.658
Bronx,Highbridge,22,11,15.85,12.15,4.642
Bronx,Highbridge,23,11,12.98,19.33,5.813
Bronx,Hunts Point,0,9,17.28,19.17,6.364
Bronx,Hunts Point,1,3,14.95,20.07,6.793
Bronx,Hunts Point,2,6,17.34,15.54,4.525
Bronx,Hunts Point,3,5,12.55,13.54,3.76
Bronx,Hunts Point,4,13,14.87,22.9,7.012
Bronx,Hunts Point,5,12,17.68,17.56,6.503
Bronx,Hunts Point,6,15,31.27,16.25,8.727
Bronx,Hunts Point,7,34,24.07,12.36,6.254
Bronx,Hunts Point,8,23,25.42,11.44,6.612
Bronx,Hunts Point,9,16,22.04,13.15,5.953
Bronx,Hunts Point,10,11,19.47,18.55,6.473
Bronx,Hunts Point,11,12,19.77,16.33,6.877
Bronx,Hunts Point,12,13,18.97,10.63,5.966
Bronx,Hunts Point,13,8,29.0,12.23,9.844
Bronx,Hunts Point,14,12,21.0,14.75,6.066
Bronx,Hunts Point,15,13,19.35,12.27,5.555
Bronx,Hunts Point,16,6,31.33,9.94,4.76
Bronx,Hunts Point,17,14,34.98,10.41,8.686
Bronx,Hunts Point,18,8,20.02,17.03,7.274
Bronx,Hunts Point,19,11,29.53,13.89,9.214
Bronx,Hunts Point,20,9,13.78,17.35,3.738
Bronx,Hunts Point,21,2,17.09,11.32,3.345
Bronx,Hunts Point,22,1,15.27,19.41,4.94
Bronx,Hunts Point,23,8,21.43,21.13,8.471
Bronx,Kingsbridge Heights,0,6,18.06,20.13,10.202
Bronx,Kingsbridge Heights,2,1,17.35,18.57,5.37
Bronx,Kingsbridge Heights,3,1,10.38,21.5,3.72
Bronx,Kingsbridge Heights,4,4,10.83,21.97,5.313
Bronx,Kingsbridge Heights,5,4,33.23,17.4,9.513
Bronx,Kingsbridge Heights,6,10,19.57,18.7,7.417
Bronx,Kingsbridge Heights,7,37,29.98,13.02,7.805
Bronx,Kingsbridge Heights,8,33,27.0,11.39,6.534
Bronx,Kingsbridge Heights,9,28,35.43,11.09,7.87
Bronx,Kingsbridge Heights,10,15,39.27,13.64,7.795
Bronx,Kingsbridge Heights,11,12,37.7,11.17,10.21
Bronx,Kingsbridge Heights,12,14,39.49,8.96,7.296
Bronx,Kingsbridge Heights,13,10,25.78,14.22,9.203
Bronx,Kingsbridge Heights,14,12,29.65,12.82,8.279
Bronx,Kingsbridge Heights,15,12,42.29,11.83,9.494
Bronx,Kingsbridge Heights,16,11,40.0,12.76,7.407
Bronx,Kingsbridge Heights,17,5,28.17,14.12,6.88
Bronx,Kingsbridge Heights,18,6,30.4,13.98,9.653
Bronx,Kingsbridge Heights,19,6,61.55,11.25,14.067
Bronx,Kingsbridge Heights,20,7,29.0,21.18,11.916
Bronx,Kingsbridge Heights,21,4,30.38,18.78,11.043
Bronx,Kingsbridge Heights,22,1,21.98,20.69,7.58
Bronx,Kingsbridge Heights,23,12,14.33,23.72,6.273
Bronx,Longwood,0,3,12.12,9.9,2.293
Bronx,Longwood,1,1,6.95,7.77,0.9
Bronx,Longwood,2,3,16.33,12.16,5.27
Bronx,Longwood,3,4,13.4,16.57,4.273
Bronx,Longwood,4,7,15.4,15.4,4.809
Bronx,Longwood,5,10,20.02,15.38,6.448
Bronx,Longwood,6,14,29.1,15.25,7.825
Bronx,Longwood,7,25,30.18,9.09,6.715
Bronx,Longwood,8,23,27.98,10.23,6.504
Bronx,Longwood,9,12,29.67,9.0,5.862
Bronx,Longwood,10,13,45.7,11.65,11.337
Bronx,Longwood,11,5,42.4,10.35,8.622
Bronx,Longwood,12,10,44.84,9.09,9.334
Bronx,Longwood,13,10,25.73,10.06,6.228
Bronx,Longwood,14,15,25.37,10.0,6.141
Bronx,Longwood,15,9,26.53,8.48,4.354
Bronx,Longwood,16,4,26.92,7.63,3.15
Bronx,Longwood,17,7,27.82,13.15,6.504
Bronx,Longwood,18,3,31.48,8.0,6.587
Bronx,Longwood,19,3,19.43,10.53,3.263
Bronx,Longwood,20,5,19.37,9.29,4.52
Bronx,Longwood,21,3,35.83,17.53,12.12
Bronx,Longwood,22,7,18.65,21.11,8.687
Bronx,Longwood,23,7,19.58,21.75,7.07
Bronx,Melrose South,0,17,16.07,22.67,6.004
Bronx,Melrose South,1,8,15.12,17.13,4.675
Bronx,Melrose South,2,2,29.67,13.12,6.515
Bronx,Melrose South,3,5,18.72,11.34,5.6
Bronx,Melrose South,4,10,14.5,10.48,3.383
Bronx,Melrose South,5,22,24.54,13.14,7.465
Bronx,Melrose South,6,55,26.82,11.86,6.936
Bronx,Melrose South,7,46,25.85,9.08,5.198
Bronx,Melrose South,8,36,21.23,8.92,5.006
Bronx,Melrose South,9,30,32.17,8.73,6.048
Bronx,Melrose South,10,28,24.42,8.37,4.396
Bronx,Melrose South,11,23,29.23,10.7,9.143
Bronx,Melrose South,12,27,18.97,9.69,5.3
Bronx,Melrose South,13,35,21.58,8.71,3.641
Bronx,Melrose South,14,45,26.87,9.01,7.356
Bronx,Melrose South,15,22,22.48,7.25,5.024
Bronx,Melrose South,16,21,30.37,8.6,4.603
Bronx,Melrose South,17,34,22.26,7.64,4.181
Bronx,Melrose South,18,25,14.63,8.76,3.898
Bronx,Melrose South,19,20,25.08,11.61,7.52
Bronx,Melrose South,20,16,10.97,10.29,5.567
Bronx,Melrose South,21,9,15.38,18.61,6.836
Bronx,Melrose South,22,21,18.3,12.59,4.753
Bronx,Melrose South,23,22,16.05,12.49,4.284
Bronx,Morrisania/Melrose,0,3,32.5,21.6,12.643
Bronx,Morrisania/Melrose,1,4,18.33,8.21,2.073
Bronx,Morrisania/Melrose,2,1,12.5,8.3,1.73
Bronx,Morrisania/Melrose,3,5,18.92,22.6,6.606
Bronx,Morrisania/Melrose,4,15,14.52,15.6,5.675
Bronx,Morrisania/Melrose,5,32,16.33,15.08,8.047
Bronx,Morrisania/Melrose,6,48,23.57,11.55,6.595
Bronx,Morrisania/Melrose,7,68,26.18,10.2,6.207
Bronx,Morrisania/Melrose,8,49,26.57,8.41,4.697
Bronx,Morrisania/Melrose,9,22,39.2,10.4,7.28
Bronx,Morrisania/Melrose,10,21,35.12,9.97,6.731
Bronx,Morrisania/Melrose,11,16,38.17,6.68,5.95
Bronx,Morrisania/Melrose,12,27,32.5,9.05,6.996
Bronx,Morrisania/Melrose,13,21,28.57,8.74,6.44
Bronx,Morrisania/Melrose,14,23,30.22,9.49,5.484
Bronx,Morrisania/Melrose,15,23,32.53,9.31,7.478
Bronx,Morrisania/Melrose,16,3,10.62,8.08,1.757
Bronx,Morrisania/Melrose,17,8,30.24,7.24,4.065
Bronx,Morrisania/Melrose,18,5,41.23,10.48,8.112
Bronx,Morrisania/Melrose,19,7,13.37,12.03,6.701
Bronx,Morrisania/Melrose,20,2,13.68,11.44,2.495
Bronx,Morrisania/Melrose,21,6,20.25,17.7,6.712
Bronx,Morrisania/Melrose,22,14,15.88,16.86,4.95
Bronx,Morrisania/Melrose,23,5,14.75,14.64,5.04
Bronx,Mott Haven/Port Morris,0,43,12.37,20.69,4.676
Bronx,Mott Haven/Port Morris,1,10,15.26,10.18,4.575
Bronx,Mott Haven/Port Morris,2,13,9.43,22.29,3.523
Bronx,Mott Haven/Port Morris,3,20,15.86,24.91,6.756
Bronx,Mott Haven/Port Morris,4,29,14.17,20.58,6.246
Bronx,Mott Haven/Port Morris,5,40,15.7,21.65,5.52
Bronx,Mott Haven/Port Morris,6,55,18.25,15.79,5.907
Bronx,Mott Haven/Port Morris,7,114,22.97,14.11,5.866
Bronx,Mott Haven/Port Morris,8,79,27.0,9.18,5.845
Bronx,Mott Haven/Port Morris,9,44,20.08,8.42,5.013
Bronx,Mott Haven/Port Morris,10,47,20.2,11.32,6.065
Bronx,Mott Haven/Port Morris,11,43,21.78,9.46,5.472
Bronx,Mott Haven/Port Morris,12,45,18.45,14.49,5.729
Bronx,Mott Haven/Port Morris,13,47,19.58,12.2,5.615
Bronx,Mott Haven/Port Morris,14,69,22.45,13.06,5.98
Bronx,Mott Haven/Port Morris,15,53,28.88,10.42,5.877
Bronx,Mott Haven/Port Morris,16,58,27.48,10.43,5.178
Bronx,Mott Haven/Port Morris,17,61,23.5,11.44,5.185
Bronx,Mott Haven/Port Morris,18,48,16.83,12.57,4.623
Bronx,Mott Haven/Port Morris,19,30,15.74,13.28,3.959
Bronx,Mott Haven/Port Morris,20,38,14.48,15.32,5.096
Bronx,Mott Haven/Port Morris,21,27,19.0,19.14,6.635
Bronx,Mott Haven/Port Morris,22,40,17.88,21.17,6.832
Bronx,Mott Haven/Port Morris,23,57,16.17,19.46,5.768
Bronx,Mount Hope,0,6,13.62,14.45,3.36
Bronx,Mount Hope,1,8,13.9,20.86,5.781
Bronx,Mount Hope,2,6,7.73,11.22,1.872
Bronx,Mount Hope,3,5,11.67,20.11,4.398
Bronx,Mount Hope,4,7,14.0,31.64,7.23
Bronx,Mount Hope,5,11,16.4,19.9,6.693
Bronx,Mount Hope,6,34,30.66,16.31,8.965
Bronx,Mount Hope,7,59,24.52,12.9,6.923
Bronx,Mount Hope,8,42,20.88,9.56,5.131
Bronx,Mount Hope,9,16,27.82,9.26,5.476
Bronx,Mount Hope,10,23,39.68,14.69,8.224
Bronx,Mount Hope,11,14,38.55,11.33,8.038
Bronx,Mount Hope,12,17,53.4,9.67,8.866
Bronx,Mount Hope,13,19,41.22,12.73,9.456
Bronx,Mount Hope,14,24,29.18,11.26,6.427
Bronx,Mount Hope,15,20,32.25,10.71,8.374
Bronx,Mount Hope,16,10,38.9,9.88,8.086
Bronx,Mount Hope,17,7,35.28,8.98,7.779
Bronx,Mount Hope,18,6,13.69,8.32,3.975
Bronx,Mount Hope,19,8,13.33,9.4,3.109
Bronx,Mount Hope,20,5,16.4,13.33,5.876
Bronx,Mount Hope,21,3,16.1,12.88,3.98
Bronx,Mount Hope,22,9,15.82,16.96,4.576
Bronx,Mount Hope,23,10,16.33,16.91,5.367
Bronx,Norwood,0,2,18.94,23.19,7.145
Bronx,Norwood,1,2,4.78,12.2,0.965
Bronx,Norwood,2,3,10.6,7.92,3.23
Bronx,Norwood,3,2,6.36,17.48,2.23
Bronx,Norwood,4,8,39.35,18.92,8.603
Bronx,Norwood,5,14,26.15,22.76,11.209
Bronx,Norwood,6,30,29.27,13.93,9.59
Bronx,Norwood,7,22,18.7,12.41,5.748
Bronx,Norwood,8,15,24.58,13.05,7.099
Bronx,Norwood,9,11,65.9,8.72,8.195
Bronx,Norwood,10,16,29.32,14.36,9.106
Bronx,Norwood,11,15,51.75,15.68,12.609
Bronx,Norwood,12,23,40.18,11.76,9.997
Bronx,Norwood,13,17,43.78,13.75,10.679
Bronx,Norwood,14,9,47.28,9.18,7.916
Bronx,Norwood,15,11,39.37,10.42,8.175
Bronx,Norwood,16,15,39.92,12.36,10.261
Bronx,Norwood,17,7,32.9,15.1,5.877
Bronx,Norwood,18,3,53.08,13.83,9.597
Bronx,Norwood,19,1,4.32,7.64,0.55
Bronx,Norwood,20,2,32.0,23.37,12.935
Bronx,Norwood,21,2,15.38,23.2,5.965
Bronx,Norwood,22,5,13.95,12.41,5.04
Bronx,Norwood,23,17,11.82,15.08,5.03
Bronx,Parkchester,0,7,11.03,18.2,5.184
Bronx,Parkchester,2,2,15.35,31.1,7.95
Bronx,Parkchester,3,2,19.05,19.32,6.2
Bronx,Parkchester,4,9,15.18,17.02,6.699
Bronx,Parkchester,5,30,39.67,16.74,9.82
Bronx,Parkchester,6,82,26.88,17.19,8.626
Bronx,Parkchester,7,108,29.04,13.9,7.762
Bronx,Parkchester,8,77,25.02,11.89,6.428
Bronx,Parkchester,9,48,42.57,11.94,8.357
Bronx,Parkchester,10,26,37.88,11.78,8.407
Bronx,Parkchester,11,28,38.03,13.5,8.968
Bronx,Parkchester,12,20,25.78,11.59,6.542
Bronx,Parkchester,13,22,37.06,11.54,10.12
Bronx,Parkchester,14,17,28.87,12.88,6.616
Bronx,Parkchester,15,10,24.13,13.91,6.392
Bronx,Parkchester,16,8,37.63,12.97,7.89
Bronx,Parkchester,17,7,29.9,10.33,6.651
Bronx,Parkchester,18,9,23.43,14.34,6.567
Bronx,Parkchester,19,3,63.75,11.15,10.633
Bronx,Parkchester,20,5,23.42,17.09,8.35
Bronx,Parkchester,21,5,15.25,15.9,4.072
Bronx,Parkchester,22,5,21.4,21.5,7.426
Bronx,Parkchester,23,5,19.18,21.32,7.426
Bronx,Pelham Bay,0,1,6.0,19.7,1.97
Bronx,Pelham Bay,1,3,12.23,16.04,4.517
Bronx,Pelham Bay,2,1,9.52,41.04,6.51
Bronx,Pelham Bay,4,3,38.85,17.95,9.377
Bronx,Pelham Bay,5,8,49.18,13.6,13.9
Bronx,Pelham Bay,6,19,58.02,12.66,13.331
Bronx,Pelham Bay,7,11,24.53,17.72,7.296
Bronx,Pelham Bay,8,10,38.63,13.91,7.819
Bronx,Pelham Bay,9,5,47.23,14.68,12.24
Bronx,Pelham Bay,11,6,36.08,13.51,6.382
Bronx,Pelham Bay,12,3,39.65,17.45,10.667
Bronx,Pelham Bay,13,7,37.12,19.4,14.229
Bronx,Pelham Bay,15,1,11.12,37.51,6.95
Bronx,Pelham Bay,16,1,6.7,17.46,1.95
Bronx,Pelham Bay,17,1,19.8,16.97,5.6
Bronx,Pelham Bay,18,3,47.95,16.39,10.483
Bronx,Pelham Bay,19,2,21.28,27.52,10.55
Bronx,Pelham Bay,20,3,19.8,22.8,6.357
Bronx,Pelham Bay,21,2,22.17,18.07,6.745
Bronx,Pelham Bay,22,3,7.58,30.3,8.053
Bronx,Pelham Bay,23,4,11.55,23.96,7.208
Bronx,Pelham Bay Park,4,1,13.65,39.38,8.96
Bronx,Pelham Bay Park,7,1,28.8,23.96,11.5
Bronx,Pelham Bay Park,9,3,7.67,19.96,4.527
Bronx,Pelham Bay Park,11,1,12.77,7.05,1.5
Bronx,Pelham Bay Park,12,1,51.2,17.11,14.6
Bronx,Pelham Bay Park,13,1,2.85,28.21,1.34
Bronx,Pelham Bay Park,15,1,7.98,26.76,3.56
Bronx,Pelham Bay Park,19,1,14.05,14.52,3.4
Bronx,Pelham Bay Park,20,1,16.37,12.1,3.3
Bronx,Pelham Bay Park,21,1,40.6,36.27,24.54
Bronx,Pelham Bay Park,23,2,16.98,36.0,10.185
Bronx,Pelham Parkway,0,6,14.25,20.69,5.553
Bronx,Pelham Parkway,1,2,16.73,13.73,6.42
Bronx,Pelham Parkway,4,4,14.78,27.75,7.358
Bronx,Pelham Parkway,5,5,24.53,26.17,9.898
Bronx,Pelham Parkway,6,26,27.06,16.72,6.668
Bronx,Pelham Parkway,7,15,27.07,10.62,7.099
Bronx,Pelham Parkway,8,24,27.45,12.38,7.623
Bronx,Pelham Parkway,9,9,34.2,9.79,6.722
Bronx,Pelham Parkway,10,5,45.13,14.49,9.76
Bronx,Pelham Parkway,11,9,33.22,12.09,6.733
Bronx,Pelham Parkway,12,9,35.67,9.9,7.866
Bronx,Pelham Parkway,13,11,29.1,14.67,8.297
Bronx,Pelham Parkway,14,12,29.48,13.93,9.98
Bronx,Pelham Parkway,15,7,28.18,7.92,3.694
Bronx,Pelham Parkway,16,8,23.94,9.27,5.951
Bronx,Pelham Parkway,17,7,62.37,11.15,10.521
Bronx,Pelham Parkway,18,3,40.67,15.41,7.573
Bronx,Pelham Parkway,19,2,25.11,17.42,6.85
Bronx,Pelham Parkway,20,4,17.06,17.44,6.925
Bronx,Pelham Parkway,21,4,21.78,19.37,8.155
Bronx,Pelham Parkway,22,5,13.72,15.8,5.274
Bronx,Pelham Parkway,23,11,15.68,19.24,6.05
Bronx,Rikers Island,18,1,35.17,23.84,13.97
Bronx,Riverdale/North Riverdale/Fieldston,0,2,14.55,22.08,5.295
Bronx,Riverdale/North Riverdale/Fieldston,1,4,20.25,29.84,10.96
Bronx,Riverdale/North Riverdale/Fieldston,2,1,33.07,28.85,15.9
Bronx,Riverdale/North Riverdale/Fieldston,3,1,11.43,22.83,4.35
Bronx,Riverdale/North Riverdale/Fieldston,4,3,21.97,31.93,10.407
Bronx,Riverdale/North Riverdale/Fieldston,5,7,49.87,14.4,13.851
Bronx,Riverdale/North Riverdale/Fieldston,6,3,59.78,17.96,15.1
Bronx,Riverdale/North Riverdale/Fieldston,7,13,30.93,18.5,10.372
Bronx,Riverdale/North Riverdale/Fieldston,8,8,33.68,15.99,9.495
Bronx,Riverdale/North Riverdale/Fieldston,9,8,23.48,17.49,8.79
Bronx,Riverdale/North Riverdale/Fieldston,10,6,57.21,11.68,10.067
Bronx,Riverdale/North Riverdale/Fieldston,11,10,28.73,15.9,9.819
Bronx,Riverdale/North Riverdale/Fieldston,12,9,41.95,12.25,10.012
Bronx,Riverdale/North Riverdale/Fieldston,13,6,23.6,17.47,10.13
Bronx,Riverdale/North Riverdale/Fieldston,14,10,25.79,19.68,9.291
Bronx,Riverdale/North Riverdale/Fieldston,15,6,31.75,15.4,8.235
Bronx,Riverdale/North Riverdale/Fieldston,16,2,19.13,22.38,7.53
Bronx,Riverdale/North Riverdale/Fieldston,17,6,20.65,19.78,7.602
Bronx,Riverdale/North Riverdale/Fieldston,18,5,16.55,18.8,7.422
Bronx,Riverdale/North Riverdale/Fieldston,19,4,25.08,20.63,10.12
Bronx,Riverdale/North Riverdale/Fieldston,20,3,23.63,24.32,10.213
Bronx,Riverdale/North Riverdale/Fieldston,21,5,19.55,23.94,9.048
Bronx,Riverdale/North Riverdale/Fieldston,22,4,17.42,22.1,6.587
Bronx,Riverdale/North Riverdale/Fieldston,23,3,22.5,28.58,8.983
Bronx,Schuylerville/Edgewater Park,0,7,13.23,23.67,5.374
Bronx,Schuylerville/Edgewater Park,1,6,12.75,22.45,4.965
Bronx,Schuylerville/Edgewater Park,2,7,13.95,32.85,9.374
Bronx,Schuylerville/Edgewater Park,3,4,10.87,26.25,5.27
Bronx,Schuylerville/Edgewater Park,4,3,15.23,32.93,6.373
Bronx,Schuylerville/Edgewater Park,5,16,26.08,27.17,10.791
Bronx,Schuylerville/Edgewater Park,6,22,23.22,19.86,8.223
Bronx,Schuylerville/Edgewater Park,7,29,33.52,15.49,9.074
Bronx,Schuylerville/Edgewater Park,8,26,30.66,13.16,7.866
Bronx,Schuylerville/Edgewater Park,9,12,30.93,13.23,8.14
Bronx,Schuylerville/Edgewater Park,10,13,39.07,14.58,9.744
Bronx,Schuylerville/Edgewater Park,11,3,33.5,8.8,9.857
Bronx,Schuylerville/Edgewater Park,12,5,26.82,14.05,7.802
Bronx,Schuylerville/Edgewater Park,13,8,31.17,12.62,8.304
Bronx,Schuylerville/Edgewater Park,14,7,46.17,15.91,11.086
Bronx,Schuylerville/Edgewater Park,15,4,9.83,9.84,3.49
Bronx,Schuylerville/Edgewater Park,16,4,23.85,9.75,2.838
Bronx,Schuylerville/Edgewater Park,17,7,18.78,17.71,5.677
Bronx,Schuylerville/Edgewater Park,18,6,29.24,16.39,9.328
Bronx,Schuylerville/Edgewater Park,19,2,20.5,21.54,7.895
Bronx,Schuylerville/Edgewater Park,20,7,16.38,26.33,9.217
Bronx,Schuylerville/Edgewater Park,21,6,12.95,22.81,7.267
Bronx,Schuylerville/Edgewater Park,22,12,17.59,27.49,9.078
Bronx,Schuylerville/Edgewater Park,23,20,15.07,26.27,7.515
Bronx,Soundview/Bruckner,0,5,13.52,24.56,6.656
Bronx,Soundview/Bruckner,1,5,17.92,27.52,7.082
Bronx,Soundview/Bruckner,2,3,13.47,14.48,3.133
Bronx,Soundview/Bruckner,3,2,17.88,22.31,7.96
Bronx,Soundview/Bruckner,4,6,15.85,23.93,6.487
Bronx,Soundview/Bruckner,5,9,20.72,23.58,8.834
Bronx,Soundview/Bruckner,6,46,25.38,21.7,9.358
Bronx,Soundview/Bruckner,7,48,24.06,15.85,8.329
Bronx,Soundview/Bruckner,8,65,25.17,12.78,6.06
Bronx,Soundview/Bruckner,9,38,15.78,13.84,5.268
Bronx,Soundview/Bruckner,10,17,20.68,11.84,6.585
Bronx,Soundview/Bruckner,11,12,20.17,15.69,7.119
Bronx,Soundview/Bruckner,12,8,34.98,11.73,7.869
Bronx,Soundview/Bruckner,13,18,28.88,11.17,5.992
Bronx,Soundview/Bruckner,14,19,22.25,17.17,6.58
Bronx,Soundview/Bruckner,15,6,28.75,11.15,8.27
Bronx,Soundview/Bruckner,16,9,26.63,13.76,6.2
Bronx,Soundview/Bruckner,17,7,50.52,14.33,9.819
Bronx,Soundview/Bruckner,18,3,30.33,12.7,7.467
Bronx,Soundview/Bruckner,19,1,14.05,19.35,4.53
Bronx,Soundview/Bruckner,20,4,19.13,16.15,5.805
Bronx,Soundview/Bruckner,21,4,26.3,14.04,6.728
Bronx,Soundview/Bruckner,22,9,17.4,22.5,6.109
Bronx,Soundview/Bruckner,23,9,13.1,20.07,4.848
Bronx,Soundview/Castle Hill,0,10,16.17,23.19,6.511
Bronx,Soundview/Castle Hill,1,3,15.1,29.75,8.627
Bronx,Soundview/Castle Hill,2,5,16.2,23.74,6.358
Bronx,Soundview/Castle Hill,3,4,10.05,21.86,4.645
Bronx,Soundview/Castle Hill,4,16,23.6,27.06,8.534
Bronx,Soundview/Castle Hill,5,51,27.32,19.26,8.256
Bronx,Soundview/Castle Hill,6,75,31.58,18.66,10.527
Bronx,Soundview/Castle Hill,7,84,31.38,13.33,7.917
Bronx,Soundview/Castle Hill,8,72,32.67,12.05,7.586
Bronx,Soundview/Castle Hill,9,51,24.73,13.91,7.462
Bronx,Soundview/Castle Hill,10,28,31.98,13.77,9.539
Bronx,Soundview/Castle Hill,11,25,48.78,12.54,10.264
Bronx,Soundview/Castle Hill,12,22,27.71,14.82,7.588
Bronx,Soundview/Castle Hill,13,26,40.01,12.63,9.307
Bronx,Soundview/Castle Hill,14,29,25.93,17.37,7.828
Bronx,Soundview/Castle Hill,15,21,37.68,12.87,7.645
Bronx,Soundview/Castle Hill,16,2,31.63,15.83,8.0
Bronx,Soundview/Castle Hill,17,16,31.82,11.81,9.025
Bronx,Soundview/Castle Hill,18,12,26.8,14.45,7.162
Bronx,Soundview/Castle Hill,19,7,15.52,14.45,5.526
Bronx,Soundview/Castle Hill,20,5,11.95,20.83,6.018
Bronx,Soundview/Castle Hill,21,8,14.5,18.85,6.036
Bronx,Soundview/Castle Hill,22,14,15.95,22.13,6.027
Bronx,Soundview/Castle Hill,23,17,14.07,24.69,7.438
Bronx,Spuyten Duyvil/Kingsbridge,0,8,13.58,27.55,6.354
Bronx,Spuyten Duyvil/Kingsbridge,1,2,5.73,13.72,1.345
Bronx,Spuyten Duyvil/Kingsbridge,2,2,18.66,20.87,7.0
Bronx,Spuyten Duyvil/Kingsbridge,3,1,12.63,16.43,3.46
Bronx,Spuyten Duyvil/Kingsbridge,4,2,28.3,27.51,12.47
Bronx,Spuyten Duyvil/Kingsbridge,5,6,42.5,21.27,13.692
Bronx,Spuyten Duyvil/Kingsbridge,6,9,25.68,13.69,9.546
Bronx,Spuyten Duyvil/Kingsbridge,7,21,26.92,17.49,8.184
Bronx,Spuyten Duyvil/Kingsbridge,8,7,50.68,14.56,10.886
Bronx,Spuyten Duyvil/Kingsbridge,9,14,36.83,14.87,8.831
Bronx,Spuyten Duyvil/Kingsbridge,10,9,39.65,15.84,9.51
Bronx,Spuyten Duyvil/Kingsbridge,11,10,35.88,13.69,6.97
Bronx,Spuyten Duyvil/Kingsbridge,12,16,27.35,13.25,8.09
Bronx,Spuyten Duyvil/Kingsbridge,13,20,25.17,15.67,8.641
Bronx,Spuyten Duyvil/Kingsbridge,14,11,17.63,10.53,4.808
Bronx,Spuyten Duyvil/Kingsbridge,15,15,21.7,10.19,7.719
Bronx,Spuyten Duyvil/Kingsbridge,16,7,25.6,16.05,8.959
Bronx,Spuyten Duyvil/Kingsbridge,17,7,27.83,14.76,10.016
Bronx,Spuyten Duyvil/Kingsbridge,18,8,14.46,19.09,5.729
Bronx,Spuyten Duyvil/Kingsbridge,19,6,26.08,18.4,10.472
Bronx,Spuyten Duyvil/Kingsbridge,20,10,26.22,24.12,11.123
Bronx,Spuyten Duyvil/Kingsbridge,21,14,16.99,23.44,7.641
Bronx,Spuyten Duyvil/Kingsbridge,22,15,16.58,21.5,7.101
Bronx,Spuyten Duyvil/Kingsbridge,23,8,19.12,22.21,8.931
Bronx,University Heights/Morris Heights,0,5,15.92,23.2,4.976
Bronx,University Heights/Morris Heights,1,8,18.26,12.98,5.969
Bronx,University Heights/Morris Heights,2,8,15.58,14.32,4.879
Bronx,University Heights/Morris Heights,3,1,27.02,27.05,12.18
Bronx,University Heights/Morris Heights,4,11,21.75,20.2,8.687
Bronx,University Heights/Morris Heights,5,15,23.9,20.48,9.497
Bronx,University Heights/Morris Heights,6,30,22.66,20.11,7.6
Bronx,University Heights/Morris Heights,7,48,26.9,13.14,7.488
Bronx,University Heights/Morris Heights,8,57,24.15,11.31,7.035
Bronx,University Heights/Morris Heights,9,30,25.69,10.27,6.294
Bronx,University Heights/Morris Heights,10,37,22.1,10.54,6.073
Bronx,University Heights/Morris Heights,11,28,41.37,9.92,8.667
Bronx,University Heights/Morris Heights,12,28,32.53,10.24,7.247
Bronx,University Heights/Morris Heights,13,19,28.03,10.86,6.885
Bronx,University Heights/Morris Heights,14,11,24.83,9.13,5.353
Bronx,University Heights/Morris Heights,15,13,16.7,11.65,5.125
Bronx,University Heights/Morris Heights,16,11,35.27,7.85,7.755
Bronx,University Heights/Morris Heights,17,13,33.62,12.8,9.232
Bronx,University Heights/Morris Heights,18,8,28.4,15.99,7.993
Bronx,University Heights/Morris Heights,19,8,18.47,12.13,5.848
Bronx,University Heights/Morris Heights,20,7,16.83,13.04,7.533
Bronx,University Heights/Morris Heights,21,3,12.0,24.28,4.727
Bronx,University Heights/Morris Heights,22,15,21.23,21.29,7.265
Bronx,University Heights/Morris Heights,23,17,15.4,15.71,4.924
Bronx,Van Cortlandt Park,0,1,16.0,18.34,4.89
Bronx,Van Cortlandt Park,2,1,15.15,18.18,4.59
Bronx,Van Cortlandt Park,4,1,17.5,26.4,7.7
Bronx,Van Cortlandt Park,5,1,25.63,28.77,12.29
Bronx,Van Cortlandt Park,7,3,26.8,17.06,11.26
Bronx,Van Cortlandt Park,8,8,22.0,14.45,6.426
Bronx,Van Cortlandt Park,9,1,83.22,11.32,15.7
Bronx,Van Cortlandt Park,11,1,52.98,21.29,18.8
Bronx,Van Cortlandt Park,12,2,65.13,12.02,12.8
Bronx,Van Cortlandt Park,13,1,55.15,24.04,22.1
Bronx,Van Cortlandt Park,14,2,17.84,21.51,6.56
Bronx,Van Cortlandt Park,15,1,20.72,16.33,5.64
Bronx,Van Cortlandt Park,17,1,23.02,25.6,9.82
Bronx,Van Cortlandt Park,18,1,19.28,0.03,0.01
Bronx,Van Cortlandt Park,19,1,56.48,22.46,21.14
Bronx,Van Cortlandt Park,21,2,24.86,15.16,7.12
Bronx,Van Cortlandt Park,23,4,20.53,37.41,14.078
Bronx,Van Cortlandt Village,0,8,12.98,18.92,4.791
Bronx,Van Cortlandt Village,1,2,10.59,17.03,2.93
Bronx,Van Cortlandt Village,2,3,22.6,14.03,4.967
Bronx,Van Cortlandt Village,3,2,18.13,25.21,7.675
Bronx,Van Cortlandt Village,4,1,10.55,25.93,4.56
Bronx,Van Cortlandt Village,5,11,55.5,13.53,13.4
Bronx,Van Cortlandt Village,6,38,40.38,14.25,10.31
Bronx,Van Cortlandt Village,7,38,44.23,14.27,9.72
Bronx,Van Cortlandt Village,8,39,33.88,10.42,8.27
Bronx,Van Cortlandt Village,9,22,28.15,10.91,7.307
Bronx,Van Cortlandt Village,10,19,57.4,11.09,10.719
Bronx,Van Cortlandt Village,11,15,36.55,14.24,8.313
Bronx,Van Cortlandt Village,12,15,43.47,10.21,7.792
Bronx,Van Cortlandt Village,13,21,31.32,12.2,8.183
Bronx,Van Cortlandt Village,14,14,38.4,10.23,7.695
Bronx,Van Cortlandt Village,15,14,48.85,12.93,11.054
Bronx,Van Cortlandt Village,16,8,41.38,12.06,7.981
Bronx,Van Cortlandt Village,17,4,20.33,9.4,4.308
Bronx,Van Cortlandt Village,18,7,21.43,11.67,5.764
Bronx,Van Cortlandt Village,19,8,23.47,9.41,5.574
Bronx,Van Cortlandt Village,20,4,17.59,10.38,3.055
Bronx,Van Cortlandt Village,21,4,30.96,11.14,5.11
Bronx,Van Cortlandt Village,22,13,22.22,17.82,6.978
Bronx,Van Cortlandt Village,23,11,16.23,23.21,7.226
Bronx,Van Nest/Morris Park,0,14,23.12,18.13,8.024
Bronx,Van Nest/Morris Park,1,5,13.45,20.74,4.234
Bronx,Van Nest/Morris Park,2,3,13.9,11.72,3.793
Bronx,Van Nest/Morris Park,3,1,18.92,25.56,8.06
Bronx,Van Nest/Morris Park,4,3,31.28,14.97,9.077
Bronx,Van Nest/Morris Park,5,13,31.55,22.87,10.798
Bronx,Van Nest/Morris Park,6,14,20.26,17.45,6.343
Bronx,Van Nest/Morris Park,7,38,26.48,12.04,7.642
Bronx,Van Nest/Morris Park,8,20,21.84,11.66,6.679
Bronx,Van Nest/Morris Park,9,14,22.0,9.44,6.21
Bronx,Van Nest/Morris Park,10,17,27.53,10.3,7.036
Bronx,Van Nest/Morris Park,11,19,44.7,10.46,9.293
Bronx,Van Nest/Morris Park,12,21,34.22,12.13,7.507
Bronx,Van Nest/Morris Park,13,15,34.83,9.82,7.06
Bronx,Van Nest/Morris Park,14,25,43.18,13.94,10.312
Bronx,Van Nest/Morris Park,15,23,36.05,12.61,9.157
Bronx,Van Nest/Morris Park,16,20,28.7,10.08,6.541
Bronx,Van Nest/Morris Park,17,13,19.17,9.75,4.952
Bronx,Van Nest/Morris Park,18,2,38.48,5.76,4.3
Bronx,Van Nest/Morris Park,19,5,34.88,17.89,10.546
Bronx,Van Nest/Morris Park,20,9,16.28,16.66,5.71
Bronx,Van Nest/Morris Park,21,7,14.7,22.11,7.441
Bronx,Van Nest/Morris Park,22,9,18.53,18.95,6.19
Bronx,Van Nest/Morris Park,23,14,20.53,24.01,8.021
Bronx,West Concourse,0,15,9.37,13.33,4.823
Bronx,West Concourse,1,10,7.71,9.24,2.51
Bronx,West Concourse,2,2,17.95,23.46,7.325
Bronx,West Concourse,3,6,14.67,20.23,5.05
Bronx,West Concourse,4,7,13.55,15.59,3.706
Bronx,West Concourse,5,18,21.75,19.69,7.681
Bronx,West Concourse,6,34,22.93,15.92,6.422
Bronx,West Concourse,7,69,26.8,12.89,6.628
Bronx,West Concourse,8,42,20.55,10.63,5.021
Bronx,West Concourse,9,39,24.83,10.9,5.218
Bronx,West Concourse,10,22,26.79,13.48,6.278
Bronx,West Concourse,11,23,25.23,16.22,7.348
Bronx,West Concourse,12,33,19.6,10.36,5.345
Bronx,West Concourse,13,11,22.55,8.4,3.935
Bronx,West Concourse,14,28,25.73,10.51,5.983
Bronx,West Concourse,15,27,22.17,9.1,4.357
Bronx,West Concourse,16,22,28.69,10.3,6.722
Bronx,West Concourse,17,38,28.38,11.75,6.837
Bronx,West Concourse,18,24,19.59,9.18,3.974
Bronx,West Concourse,19,22,17.09,11.84,4.658
Bronx,West Concourse,20,25,15.83,12.56,4.727
Bronx,West Concourse,21,23,21.27,15.45,6.422
Bronx,West Concourse,22,26,16.95,19.83,6.706
Bronx,West Concourse,23,36,12.2,17.6,5.486
Bronx,West Farms/Bronx River,0,2,9.51,28.58,4.57
Bronx,West Farms/Bronx River,1,3,7.52,14.82,1.95
Bronx,West Farms/Bronx River,2,1,10.68,29.71,5.29
Bronx,West Farms/Bronx River,3,1,3.88,27.04,1.75
Bronx,West Farms/Bronx River,4,11,29.17,18.81,11.318
Bronx,West Farms/Bronx River,5,12,20.89,20.35,8.388
Bronx,West Farms/Bronx River,6,43,26.15,19.82,8.816
Bronx,West Farms/Bronx River,7,57,26.17,14.42,7.14
Bronx,West Farms/Bronx River,8,50,26.69,12.74,6.998
Bronx,West Farms/Bronx River,9,20,27.4,14.03,8.817
Bronx,West Farms/Bronx River,10,7,23.03,10.16,5.791
Bronx,West Farms/Bronx River,11,11,49.17,10.44,8.472
Bronx,West Farms/Bronx River,12,9,57.7,12.31,9.954
Bronx,West Farms/Bronx River,13,17,34.4,14.17,8.674
Bronx,West Farms/Bronx River,14,16,37.66,13.33,9.49
Bronx,West Farms/Bronx River,15,9,15.5,11.89,7.71
Bronx,West Farms/Bronx River,16,6,35.95,13.16,8.338
Bronx,West Farms/Bronx River,17,6,32.68,11.79,8.633
Bronx,West Farms/Bronx River,19,3,15.0,18.48,4.67
Bronx,West Farms/Bronx River,20,4,14.28,15.98,3.903
Bronx,West Farms/Bronx River,21,1,66.03,3.73,4.1
Bronx,West Farms/Bronx River,22,2,16.99,17.01,4.9
Bronx,West Farms/Bronx River,23,7,15.95,29.74,6.944
Bronx,Westchester Village/Unionport,0,4,9.87,22.06,3.94
Bronx,Westchester Village/Unionport,1,6,8.93,13.48,2.503
Bronx,Westchester Village/Unionport,2,3,9.43,18.27,4.277
Bronx,Westchester Village/Unionport,3,8,13.09,24.62,5.765
Bronx,Westchester Village/Unionport,4,3,36.43,15.65,8.083
Bronx,Westchester Village/Unionport,5,9,13.8,19.41,6.278
Bronx,Westchester Village/Unionport,6,26,22.55,17.12,7.857
Bronx,Westchester Village/Unionport,7,56,32.1,14.09,7.886
Bronx,Westchester Village/Unionport,8,38,24.29,14.02,5.686
Bronx,Westchester Village/Unionport,9,16,25.39,16.51,9.171
Bronx,Westchester Village/Unionport,10,13,28.4,12.68,7.602
Bronx,Westchester Village/Unionport,11,12,23.47,13.45,7.888
Bronx,Westchester Village/Unionport,12,8,14.64,10.32,4.555
Bronx,Westchester Village/Unionport,13,10,41.28,12.58,8.334
Bronx,Westchester Village/Unionport,14,13,33.72,10.79,7.741
Bronx,Westchester Village/Unionport,15,18,23.8,12.49,7.459
Bronx,Westchester Village/Unionport,16,10,53.64,8.33,9.333
Bronx,Westchester Village/Unionport,17,12,31.96,8.44,4.484
Bronx,Westchester Village/Unionport,18,6,22.34,16.99,7.012
Bronx,Westchester Village/Unionport,19,5,20.43,14.71,7.254
Bronx,Westchester Village/Unionport,20,4,15.06,21.36,9.243
Bronx,Westchester Village/Unionport,21,7,19.43,21.09,9.433
Bronx,Westchester Village/Unionport,22,8,13.37,21.55,6.705
Bronx,Westchester Village/Unionport,23,13,16.0,24.12,8.08
Bronx,Williamsbridge/Olinville,0,8,11.08,19.72,5.063
Bronx,Williamsbridge/Olinville,1,4,18.54,21.43,5.638
Bronx,Williamsbridge/Olinville,2,2,13.03,20.99,4.46
Bronx,Williamsbridge/Olinville,3,4,11.19,22.25,3.785
Bronx,Williamsbridge/Olinville,4,12,15.1,24.84,9.245
Bronx,Williamsbridge/Olinville,5,43,33.45,21.02,12.252
Bronx,Williamsbridge/Olinville,6,55,36.65,18.7,12.375
Bronx,Williamsbridge/Olinville,7,49,36.73,13.82,9.007
Bronx,Williamsbridge/Olinville,8,63,22.28,12.19,6.383
Bronx,Williamsbridge/Olinville,9,41,44.13,12.43,9.527
Bronx,Williamsbridge/Olinville,10,23,40.07,15.72,9.547
Bronx,Williamsbridge/Olinville,11,33,41.8,13.39,11.105
Bronx,Williamsbridge/Olinville,12,30,46.27,15.81,13.095
Bronx,Williamsbridge/Olinville,13,20,37.74,11.6,9.966
Bronx,Williamsbridge/Olinville,14,26,54.53,11.62,9.956
Bronx,Williamsbridge/Olinville,15,13,36.35,11.16,8.627
Bronx,Williamsbridge/Olinville,16,7,37.25,11.52,7.59
Bronx,Williamsbridge/Olinville,17,4,24.82,11.31,6.712
Bronx,Williamsbridge/Olinville,18,16,41.33,15.98,11.113
Bronx,Williamsbridge/Olinville,19,4,32.36,17.93,9.133
Bronx,Williamsbridge/Olinville,20,9,26.58,16.8,9.25
Bronx,Williamsbridge/Olinville,21,8,17.32,19.72,8.243
Bronx,Williamsbridge/Olinville,22,15,15.95,20.61,7.168
Bronx,Williamsbridge/Olinville,23,20,15.34,22.06,5.863
Bronx,Woodlawn/Wakefield,0,6,16.57,24.65,7.35
Bronx,Woodlawn/Wakefield,2,5,25.4,33.73,11.648
Bronx,Woodlawn/Wakefield,4,3,11.28,13.56,5.2
Bronx,Woodlawn/Wakefield,5,16,32.09,17.43,11.518
Bronx,Woodlawn/Wakefield,6,32,31.14,17.8,9.431
Bronx,Woodlawn/Wakefield,7,35,32.27,16.47,9.423
Bronx,Woodlawn/Wakefield,8,33,30.23,14.34,8.936
Bronx,Woodlawn/Wakefield,9,19,37.37,17.96,10.548
Bronx,Woodlawn/Wakefield,10,15,36.7,13.66,10.152
Bronx,Woodlawn/Wakefield,11,14,30.53,20.23,12.307
Bronx,Woodlawn/Wakefield,12,17,41.15,17.31,10.546
Bronx,Woodlawn/Wakefield,13,16,35.83,16.8,11.892
Bronx,Woodlawn/Wakefield,14,9,22.83,19.27,7.829
Bronx,Woodlawn/Wakefield,15,12,66.73,16.31,15.873
Bronx,Woodlawn/Wakefield,16,5,40.52,14.56,8.934
Bronx,Woodlawn/Wakefield,17,2,23.54,20.85,8.175
Bronx,Woodlawn/Wakefield,18,6,22.44,14.3,6.285
Bronx,Woodlawn/Wakefield,19,4,37.3,29.04,16.678
Bronx,Woodlawn/Wakefield,20,2,28.76,27.16,13.71
Bronx,Woodlawn/Wakefield,21,5,17.63,16.86,7.38
Bronx,Woodlawn/Wakefield,22,4,16.8,25.14,6.713
Bronx,Woodlawn/Wakefield,23,9,8.92,24.16,6.219
Brooklyn,Bath Beach,1,1,9.02,13.91,2.09
Brooklyn,Bath Beach,2,1,12.88,13.65,2.93
Brooklyn,Bath Beach,5,21,34.53,26.28,12.939
Brooklyn,Bath Beach,6,8,22.62,12.21,7.129
Brooklyn,Bath Beach,7,16,16.52,10.37,5.957
Brooklyn,Bath Beach,8,11,17.65,11.11,5.969
Brooklyn,Bath Beach,9,5,50.1,13.89,8.666
Brooklyn,Bath Beach,10,8,25.11,12.16,6.124
Brooklyn,Bath Beach,11,6,47.51,12.8,10.782
Brooklyn,Bath Beach,12,7,15.62,14.68,7.0
Brooklyn,Bath Beach,13,10,17.58,7.18,7.928
Brooklyn,Bath Beach,14,4,28.72,11.75,5.47
Brooklyn,Bath Beach,15,6,60.78,15.3,14.783
Brooklyn,Bath Beach,17,3,12.52,11.5,7.39
Brooklyn,Bath Beach,18,4,12.79,7.6,3.21
Brooklyn,Bath Beach,19,1,5.42,3.32,0.3
Brooklyn,Bath Beach,20,4,12.08,24.41,5.873
Brooklyn,Bath Beach,21,2,17.24,24.3,8.035
Brooklyn,Bath Beach,22,5,17.87,28.44,9.21
Brooklyn,Bath Beach,23,1,6.22,13.22,1.37
Brooklyn,Bay Ridge,0,25,10.12,26.36,6.619
Brooklyn,Bay Ridge,1,10,10.2,25.48,3.75
Brooklyn,Bay Ridge,2,9,16.97,26.7,7.984
Brooklyn,Bay Ridge,3,28,43.43,22.04,14.311
Brooklyn,Bay Ridge,4,23,23.45,24.24,12.234
Brooklyn,Bay Ridge,5,24,39.64,15.38,9.281
Brooklyn,Bay Ridge,6,40,27.16,17.29,8.314
Brooklyn,Bay Ridge,7,106,29.35,12.21,6.578
Brooklyn,Bay Ridge,8,68,21.63,11.56,5.667
Brooklyn,Bay Ridge,9,35,25.05,9.88,6.975
Brooklyn,Bay Ridge,10,44,27.7,8.18,5.777
Brooklyn,Bay Ridge,11,37,35.8,11.57,8.688
Brooklyn,Bay Ridge,12,53,39.45,10.98,8.238
Brooklyn,Bay Ridge,13,47,28.58,11.96,7.846
Brooklyn,Bay Ridge,14,30,33.41,11.62,6.644
Brooklyn,Bay Ridge,15,39,35.02,10.89,7.912
Brooklyn,Bay Ridge,16,28,27.43,10.76,7.875
Brooklyn,Bay Ridge,17,24,23.27,12.15,6.233
Brooklyn,Bay Ridge,18,14,18.2,12.8,4.894
Brooklyn,Bay Ridge,19,14,26.71,14.18,6.741
Brooklyn,Bay Ridge,20,20,17.33,19.72,6.022
Brooklyn,Bay Ridge,21,24,20.27,21.81,7.125
Brooklyn,Bay Ridge,22,21,15.02,27.41,7.007
Brooklyn,Bay Ridge,23,24,13.39,27.79,6.485
Brooklyn,Bedford,0,37,16.0,12.08,3.985
Brooklyn,Bedford,1,21,13.13,13.42,3.488
Brooklyn,Bedford,2,10,18.47,12.71,4.206
Brooklyn,Bedford,3,10,20.57,16.54,5.755
Brooklyn,Bedford,4,26,21.33,14.47,5.907
Brooklyn,Bedford,5,30,22.03,16.16,7.395
Brooklyn,Bedford,6,63,24.37,12.93,6.409
Brooklyn,Bedford,7,98,27.02,9.07,4.915
Brooklyn,Bedford,8,132,31.59,8.92,5.032
Brooklyn,Bedford,9,122,24.92,8.37,4.05
Brooklyn,Bedford,10,78,28.61,8.04,4.422
Brooklyn,Bedford,11,55,27.05,8.87,5.343
Brooklyn,Bedford,12,62,33.21,9.44,6.224
Brooklyn,Bedford,13,56,25.44,9.17,4.987
Brooklyn,Bedford,14,78,24.38,7.92,4.585
Brooklyn,Bedford,15,57,25.22,7.71,3.552
Brooklyn,Bedford,16,54,33.73,7.24,5.097
Brooklyn,Bedford,17,45,27.63,7.84,4.261
Brooklyn,Bedford,18,53,17.28,9.12,3.922
Brooklyn,Bedford,19,39,20.02,9.04,3.924
Brooklyn,Bedford,20,49,14.72,10.53,3.486
Brooklyn,Bedford,21,29,12.55,10.14,3.404
Brooklyn,Bedford,22,38,22.16,12.09,5.216
Brooklyn,Bedford,23,36,18.13,12.47,4.258
Brooklyn,Bensonhurst East,0,6,13.2,12.0,2.557
Brooklyn,Bensonhurst East,1,8,11.81,12.07,3.335
Brooklyn,Bensonhurst East,2,2,14.23,17.09,4.165
Brooklyn,Bensonhurst East,3,3,14.95,14.93,4.413
Brooklyn,Bensonhurst East,4,3,13.83,19.52,5.453
Brooklyn,Bensonhurst East,5,7,44.08,14.12,9.844
Brooklyn,Bensonhurst East,6,10,30.33,11.89,6.988
Brooklyn,Bensonhurst East,7,36,26.02,9.46,5.914
Brooklyn,Bensonhurst East,8,25,38.18,9.67,8.088
Brooklyn,Bensonhurst East,9,23,19.13,7.52,4.564
Brooklyn,Bensonhurst East,10,17,40.33,10.38,7.155
Brooklyn,Bensonhurst East,11,15,22.63,6.86,3.089
Brooklyn,Bensonhurst East,12,10,37.62,18.02,11.293
Brooklyn,Bensonhurst East,13,16,31.31,8.73,6.686
Brooklyn,Bensonhurst East,14,20,31.22,9.03,6.538
Brooklyn,Bensonhurst East,15,14,28.63,10.46,7.006
Brooklyn,Bensonhurst East,16,3,58.63,12.63,16.367
Brooklyn,Bensonhurst East,17,6,16.03,8.84,2.805
Brooklyn,Bensonhurst East,18,7,25.6,10.92,5.39
Brooklyn,Bensonhurst East,19,2,13.42,7.94,0.935
Brooklyn,Bensonhurst East,20,4,17.18,17.13,7.81
Brooklyn,Bensonhurst East,21,6,20.78,11.13,4.83
Brooklyn,Bensonhurst East,22,9,23.25,15.69,7.879
Brooklyn,Bensonhurst East,23,8,14.83,15.24,6.775
Brooklyn,Bensonhurst West,0,6,14.25,16.24,5.03
Brooklyn,Bensonhurst West,1,5,15.42,22.23,7.974
Brooklyn,Bensonhurst West,2,1,3.92,14.09,0.92
Brooklyn,Bensonhurst West,4,7,22.87,12.7,7.743
Brooklyn,Bensonhurst West,5,4,35.57,16.51,9.5
Brooklyn,Bensonhurst West,6,21,39.67,14.16,8.943
Brooklyn,Bensonhurst West,7,39,44.93,8.57,7.323
Brooklyn,Bensonhurst West,8,27,30.07,10.46,6.905
Brooklyn,Bensonhurst West,9,18,22.85,7.23,3.838
Brooklyn,Bensonhurst West,10,22,30.43,9.3,5.751
Brooklyn,Bensonhurst West,11,18,42.58,6.67,7.552
Brooklyn,Bensonhurst West,12,20,29.43,8.26,5.925
Brooklyn,Bensonhurst West,13,19,26.87,9.77,5.712
Brooklyn,Bensonhurst West,14,18,34.87,10.07,7.262
Brooklyn,Bensonhurst West,15,11,25.82,9.33,7.165
Brooklyn,Bensonhurst West,16,7,51.18,12.07,8.339
Brooklyn,Bensonhurst West,17,7,18.45,10.2,5.001
Brooklyn,Bensonhurst West,18,7,14.8,8.07,3.87
Brooklyn,Bensonhurst West,19,4,14.98,10.25,4.743
Brooklyn,Bensonhurst West,20,4,11.25,9.08,2.653
Brooklyn,Bensonhurst West,21,11,7.7,10.88,2.194
Brooklyn,Bensonhurst West,22,9,11.77,11.72,3.161
Brooklyn,Bensonhurst West,23,5,14.28,18.27,4.85
Brooklyn,Boerum Hill,0,95,18.45,13.98,5.122
Brooklyn,Boerum Hill,1,52,19.57,13.98,5.244
Brooklyn,Boerum Hill,2,30,21.24,15.2,6.284
Brooklyn,Boerum Hill,3,43,17.03,16.01,5.73
Brooklyn,Boerum Hill,4,22,17.73,15.83,5.537
Brooklyn,Boerum Hill,5,19,18.67,13.69,5.508
Brooklyn,Boerum Hill,6,51,17.47,12.64,4.681
Brooklyn,Boerum Hill,7,95,21.93,11.06,5.052
Brooklyn,Boerum Hill,8,107,23.47,10.91,5.03
Brooklyn,Boerum Hill,9,73,19.4,10.38,4.991
Brooklyn,Boerum Hill,10,67,25.52,10.58,6.352
Brooklyn,Boerum Hill,11,84,30.53,8.97,5.631
Brooklyn,Boerum Hill,12,91,28.0,8.51,5.716
Brooklyn,Boerum Hill,13,69,23.0,10.07,5.924
Brooklyn,Boerum Hill,14,83,22.65,10.36,5.796
Brooklyn,Boerum Hill,15,78,29.48,8.69,5.047
Brooklyn,Boerum Hill,16,87,23.28,9.15,5.936
Brooklyn,Boerum Hill,17,117,22.98,9.0,4.306
Brooklyn,Boerum Hill,18,127,18.0,10.01,3.607
Brooklyn,Boerum Hill,19,92,18.33,10.76,3.986
Brooklyn,Boerum Hill,20,82,17.57,11.4,4.647
Brooklyn,Boerum Hill,21,82,18.38,11.82,4.581
Brooklyn,Boerum Hill,22,128,18.08,13.0,4.658
Brooklyn,Boerum Hill,23,127,20.22,14.63,5.523
Brooklyn,Borough Park,0,15,10.35,11.8,1.873
Brooklyn,Borough Park,1,5,11.3,15.08,3.114
Brooklyn,Borough Park,2,6,8.46,10.57,1.617
Brooklyn,Borough Park,3,2,27.39,19.51,11.74
Brooklyn,Borough Park,4,3,19.57,13.69,4.423
Brooklyn,Borough Park,5,7,25.52,14.92,6.697
Brooklyn,Borough Park,6,15,22.87,16.42,7.063
Brooklyn,Borough Park,7,43,21.25,9.09,4.82
Brooklyn,Borough Park,8,49,22.18,7.07,4.239
Brooklyn,Borough Park,9,47,25.47,7.37,4.301
Brooklyn,Borough Park,10,40,20.88,8.04,5.371
Brooklyn,Borough Park,11,53,37.3,8.14,6.858
Brooklyn,Borough Park,12,42,27.86,6.59,5.035
Brooklyn,Borough Park,13,37,21.65,7.15,4.622
Brooklyn,Borough Park,14,43,36.0,6.8,6.05
Brooklyn,Borough Park,15,33,43.5,6.78,6.349
Brooklyn,Borough Park,16,22,29.62,6.57,4.203
Brooklyn,Borough Park,17,24,30.18,8.52,5.896
Brooklyn,Borough Park,18,17,12.78,8.68,2.128
Brooklyn,Borough Park,19,23,17.98,9.75,3.669
Brooklyn,Borough Park,20,15,22.53,10.42,5.839
Brooklyn,Borough Park,21,10,22.53,11.22,5.213
Brooklyn,Borough Park,22,25,11.32,10.08,3.494
Brooklyn,Borough Park,23,17,15.53,11.84,3.79
Brooklyn,Brighton Beach,0,3,22.05,10.63,4.5
Brooklyn,Brighton Beach,1,2,29.87,24.45,12.145
Brooklyn,Brighton Beach,2,2,10.18,8.96,1.835
Brooklyn,Brighton Beach,3,1,39.72,39.47,26.13
Brooklyn,Brighton Beach,4,3,39.03,39.66,24.133
Brooklyn,Brighton Beach,5,1,15.38,17.94,4.6
Brooklyn,Brighton Beach,6,20,41.14,15.65,10.887
Brooklyn,Brighton Beach,7,21,41.8,11.68,8.51
Brooklyn,Brighton Beach,8,16,47.82,9.36,6.21
Brooklyn,Brighton Beach,9,14,38.12,12.97,8.603
Brooklyn,Brighton Beach,10,14,38.47,13.72,10.011
Brooklyn,Brighton Beach,11,14,47.15,8.65,9.221
Brooklyn,Brighton Beach,12,23,32.72,8.55,6.265
Brooklyn,Brighton Beach,13,8,24.74,13.68,6.588
Brooklyn,Brighton Beach,14,16,35.9,11.25,9.536
Brooklyn,Brighton Beach,15,9,51.1,10.24,9.614
Brooklyn,Brighton Beach,16,3,42.72,4.78,8.767
Brooklyn,Brighton Beach,17,5,75.73,12.03,12.182
Brooklyn,Brighton Beach,18,4,14.08,14.95,5.78
Brooklyn,Brighton Beach,19,5,15.65,12.95,5.422
Brooklyn,Brighton Beach,20,7,14.13,16.09,5.466
Brooklyn,Brighton Beach,21,6,12.77,11.96,4.497
Brooklyn,Brighton Beach,22,6,15.98,18.16,5.967
Brooklyn,Brighton Beach,23,13,12.8,13.29,6.23
Brooklyn,Brooklyn Heights,0,62,17.47,16.69,5.374
Brooklyn,Brooklyn Heights,1,33,18.0,14.98,5.684
Brooklyn,Brooklyn Heights,2,28,17.33,16.76,5.648
Brooklyn,Brooklyn Heights,3,7,22.85,22.79,8.29
Brooklyn,Brooklyn Heights,4,10,15.08,34.37,8.642
Brooklyn,Brooklyn Heights,5,9,17.92,21.77,7.778
Brooklyn,Brooklyn Heights,6,62,21.1,15.43,6.198
Brooklyn,Brooklyn Heights,7,143,23.0,14.2,5.635
Brooklyn,Brooklyn Heights,8,205,22.53,12.92,5.454
Brooklyn,Brooklyn Heights,9,97,18.63,11.39,4.735
Brooklyn,Brooklyn Heights,10,77,23.63,11.45,5.302
Brooklyn,Brooklyn Heights,11,88,24.38,11.23,5.598
Brooklyn,Brooklyn Heights,12,107,20.05,10.64,5.018
Brooklyn,Brooklyn Heights,13,91,21.45,11.64,5.459
Brooklyn,Brooklyn Heights,14,85,23.67,12.03,6.009
Brooklyn,Brooklyn Heights,15,119,20.0,11.88,5.155
Brooklyn,Brooklyn Heights,16,92,17.14,10.98,4.367
Brooklyn,Brooklyn Heights,17,126,21.75,11.24,5.304
Brooklyn,Brooklyn Heights,18,144,18.94,10.66,3.883
Brooklyn,Brooklyn Heights,19,119,19.0,11.63,4.406
Brooklyn,Brooklyn Heights,20,97,15.72,12.63,4.363
Brooklyn,Brooklyn Heights,21,91,18.08,13.42,4.627
Brooklyn,Brooklyn Heights,22,115,17.0,14.49,5.169
Brooklyn,Brooklyn Heights,23,95,17.1,15.62,5.37
Brooklyn,Brooklyn Navy Yard,0,4,16.06,13.17,4.055
Brooklyn,Brooklyn Navy Yard,1,9,16.78,18.41,5.66
Brooklyn,Brooklyn Navy Yard,2,17,21.78,13.86,6.324
Brooklyn,Brooklyn Navy Yard,3,14,20.73,15.02,6.548
Brooklyn,Brooklyn Navy Yard,4,5,14.0,12.39,4.342
Brooklyn,Brooklyn Navy Yard,6,4,33.35,24.22,10.193
Brooklyn,Brooklyn Navy Yard,7,3,34.38,12.44,8.693
Brooklyn,Brooklyn Navy Yard,8,8,24.05,12.34,5.235
Brooklyn,Brooklyn Navy Yard,9,2,14.63,10.78,2.61
Brooklyn,Brooklyn Navy Yard,10,5,16.15,13.15,3.372
Brooklyn,Brooklyn Navy Yard,11,3,18.97,10.3,3.16
Brooklyn,Brooklyn Navy Yard,12,7,17.62,10.4,3.457
Brooklyn,Brooklyn Navy Yard,13,3,13.0,7.23,2.04
Brooklyn,Brooklyn Navy Yard,14,7,13.75,6.94,2.979
Brooklyn,Brooklyn Navy Yard,15,8,29.06,9.1,3.665
Brooklyn,Brooklyn Navy Yard,16,11,26.55,9.65,4.978
Brooklyn,Brooklyn Navy Yard,17,17,21.25,7.28,2.834
Brooklyn,Brooklyn Navy Yard,18,17,24.67,10.98,4.78
Brooklyn,Brooklyn Navy Yard,19,8,13.02,10.28,2.821
Brooklyn,Brooklyn Navy Yard,20,3,14.37,10.42,2.36
Brooklyn,Brooklyn Navy Yard,21,6,17.11,17.79,6.71
Brooklyn,Brooklyn Navy Yard,22,9,23.88,16.24,7.252
Brooklyn,Brooklyn Navy Yard,23,8,17.42,11.1,5.068
Brooklyn,Brownsville,0,18,16.02,11.37,4.697
Brooklyn,Brownsville,1,5,20.27,12.61,7.62
Brooklyn,Brownsville,2,6,18.06,13.65,5.983
Brooklyn,Brownsville,3,11,21.25,15.96,7.332
Brooklyn,Brownsville,4,21,29.17,14.9,8.415
Brooklyn,Brownsville,5,77,26.22,13.68,8.034
Brooklyn,Brownsville,6,85,30.92,11.14,6.893
Brooklyn,Brownsville,7,142,24.1,8.31,4.863
Brooklyn,Brownsville,8,160,28.33,8.59,5.323
Brooklyn,Brownsville,9,122,29.04,8.37,5.775
Brooklyn,Brownsville,10,79,35.65,8.2,6.155
Brooklyn,Brownsville,11,77,27.68,8.25,4.545
Brooklyn,Brownsville,12,87,28.5,9.81,6.62
Brooklyn,Brownsville,13,94,30.85,8.21,5.306
Brooklyn,Brownsville,14,71,27.57,8.02,5.385
Brooklyn,Brownsville,15,42,31.9,7.68,5.017
Brooklyn,Brownsville,16,28,22.68,6.8,4.211
Brooklyn,Brownsville,17,32,25.59,9.15,5.24
Brooklyn,Brownsville,18,23,19.97,9.84,5.393
Brooklyn,Brownsville,19,27,35.07,10.93,8.093
Brooklyn,Brownsville,20,26,18.42,10.54,4.685
Brooklyn,Brownsville,21,15,19.62,10.01,3.95
Brooklyn,Brownsville,22,28,18.47,11.8,5.535
Brooklyn,Brownsville,23,38,18.49,13.23,5.788
Brooklyn,Bushwick North,0,49,22.18,13.86,5.99
Brooklyn,Bushwick North,1,83,21.77,13.12,5.547
Brooklyn,Bushwick North,2,116,21.96,14.29,6.0
Brooklyn,Bushwick North,3,128,20.11,14.22,5.827
Brooklyn,Bushwick North,4,123,19.45,14.56,5.264
Brooklyn,Bushwick North,5,48,18.65,13.97,4.879
Brooklyn,Bushwick North,6,37,23.48,13.13,5.764
Brooklyn,Bushwick North,7,47,30.17,10.7,6.224
Brooklyn,Bushwick North,8,46,27.23,8.64,4.763
Brooklyn,Bushwick North,9,40,26.56,8.63,5.08
Brooklyn,Bushwick North,10,14,30.52,8.95,4.991
Brooklyn,Bushwick North,11,22,30.34,9.24,5.759
Brooklyn,Bushwick North,12,15,32.55,7.49,4.784
Brooklyn,Bushwick North,13,12,34.3,9.2,6.079
Brooklyn,Bushwick North,14,12,26.09,10.21,4.811
Brooklyn,Bushwick North,15,20,25.23,8.64,4.356
Brooklyn,Bushwick North,16,16,31.42,9.02,5.603
Brooklyn,Bushwick North,17,12,29.67,8.42,5.053
Brooklyn,Bushwick North,18,32,22.09,8.92,4.049
Brooklyn,Bushwick North,19,20,20.0,8.98,3.055
Brooklyn,Bushwick North,20,19,20.42,11.85,4.637
Brooklyn,Bushwick North,21,21,15.0,11.02,3.491
Brooklyn,Bushwick North,22,28,22.22,11.73,5.491
Brooklyn,Bushwick North,23,46,18.65,12.15,4.263
Brooklyn,Bushwick South,0,47,21.57,12.18,5.135
Brooklyn,Bushwick South,1,63,21.0,13.53,5.414
Brooklyn,Bushwick South,2,85,22.15,15.0,6.33
Brooklyn,Bushwick South,3,81,21.88,14.35,6.124
Brooklyn,Bushwick South,4,106,19.04,14.39,5.387
Brooklyn,Bushwick South,5,42,21.3,12.89,5.188
Brooklyn,Bushwick South,6,64,21.6,13.2,6.275
Brooklyn,Bushwick South,7,107,29.37,9.1,5.477
Brooklyn,Bushwick South,8,102,27.31,8.81,4.923
Brooklyn,Bushwick South,9,109,28.93,8.75,4.898
Brooklyn,Bushwick South,10,46,30.77,8.55,5.572
Brooklyn,Bushwick South,11,51,28.92,8.93,5.565
Brooklyn,Bushwick South,12,54,29.66,8.93,5.03
Brooklyn,Bushwick South,13,61,31.35,8.94,4.899
Brooklyn,Bushwick South,14,45,27.87,8.56,5.458
Brooklyn,Bushwick South,15,67,27.17,8.47,5.62
Brooklyn,Bushwick South,16,40,27.38,6.59,4.226
Brooklyn,Bushwick South,17,43,29.5,8.54,4.901
Brooklyn,Bushwick South,18,42,22.11,9.01,4.003
Brooklyn,Bushwick South,19,38,19.48,9.24,4.172
Brooklyn,Bushwick South,20,24,23.01,10.17,4.438
Brooklyn,Bushwick South,21,24,18.08,10.3,4.33
Brooklyn,Bushwick South,22,50,18.38,11.67,3.968
Brooklyn,Bushwick South,23,57,20.52,11.21,4.535
Brooklyn,Canarsie,0,18,17.02,14.06,6.01
Brooklyn,Canarsie,1,8,13.51,12.49,3.209
Brooklyn,Canarsie,2,12,12.5,12.92,4.809
Brooklyn,Canarsie,3,6,20.96,26.7,10.887
Brooklyn,Canarsie,4,15,20.52,15.2,6.966
Brooklyn,Canarsie,5,85,26.7,13.0,7.949
Brooklyn,Canarsie,6,155,40.52,11.82,8.41
Brooklyn,Canarsie,7,197,27.05,9.3,5.485
Brooklyn,Canarsie,8,211,31.57,9.62,5.723
Brooklyn,Canarsie,9,152,25.91,9.22,5.426
Brooklyn,Canarsie,10,116,27.34,8.59,5.893
Brooklyn,Canarsie,11,97,23.45,9.72,5.798
Brooklyn,Canarsie,12,85,27.15,9.48,6.964
Brooklyn,Canarsie,13,78,28.41,8.72,5.693
Brooklyn,Canarsie,14,92,21.68,9.51,4.694
Brooklyn,Canarsie,15,74,25.03,10.69,6.314
Brooklyn,Canarsie,16,32,31.51,9.95,7.072
Brooklyn,Canarsie,17,37,20.43,11.25,5.864
Brooklyn,Canarsie,18,34,27.75,12.15,6.431
Brooklyn,Canarsie,19,41,17.0,10.54,4.647
Brooklyn,Canarsie,20,19,24.93,14.64,8.089
Brooklyn,Canarsie,21,19,20.2,11.12,4.264
Brooklyn,Canarsie,22,22,15.48,13.52,4.145
Brooklyn,Canarsie,23,32,14.75,13.41,5.806
Brooklyn,Carroll Gardens,0,26,17.93,15.35,6.006
Brooklyn,Carroll Gardens,1,13,24.0,14.67,6.168
Brooklyn,Carroll Gardens,2,6,21.7,14.83,5.912
Brooklyn,Carroll Gardens,3,1,13.58,18.99,4.3
Brooklyn,Carroll Gardens,4,3,15.0,20.56,6.427
Brooklyn,Carroll Gardens,5,5,18.82,13.9,6.71
Brooklyn,Carroll Gardens,6,49,16.0,15.74,4.226
Brooklyn,Carroll Gardens,7,73,18.67,14.46,4.982
Brooklyn,Carroll Gardens,8,119,26.0,11.93,5.635
Brooklyn,Carroll Gardens,9,44,23.73,9.84,4.406
Brooklyn,Carroll Gardens,10,17,21.27,10.47,3.733
Brooklyn,Carroll Gardens,11,17,25.53,8.95,4.782
Brooklyn,Carroll Gardens,12,15,22.15,8.01,3.943
Brooklyn,Carroll Gardens,13,16,27.73,10.51,6.942
Brooklyn,Carroll Gardens,14,19,15.43,11.0,4.259
Brooklyn,Carroll Gardens,15,16,20.53,13.41,5.297
Brooklyn,Carroll Gardens,16,13,19.5,9.51,5.692
Brooklyn,Carroll Gardens,17,24,20.63,9.46,4.627
Brooklyn,Carroll Gardens,18,29,21.23,10.08,4.545
Brooklyn,Carroll Gardens,19,12,13.21,13.19,4.123
Brooklyn,Carroll Gardens,20,13,11.92,13.24,3.354
Brooklyn,Carroll Gardens,21,31,18.58,14.32,4.906
Brooklyn,Carroll Gardens,22,45,19.3,15.19,5.636
Brooklyn,Carroll Gardens,23,40,19.09,13.96,5.709
Brooklyn,Clinton Hill,0,37,18.98,12.97,5.415
Brooklyn,Clinton Hill,1,32,15.88,11.23,4.12
Brooklyn,Clinton Hill,2,23,17.93,12.84,5.053
Brooklyn,Clinton Hill,3,11,8.55,10.13,2.845
Brooklyn,Clinton Hill,4,9,17.03,13.28,4.79
Brooklyn,Clinton Hill,5,16,20.99,18.4,7.855
Brooklyn,Clinton Hill,6,34,24.39,13.83,6.719
Brooklyn,Clinton Hill,7,70,24.41,10.52,5.4
Brooklyn,Clinton Hill,8,109,26.0,9.07,4.335
Brooklyn,Clinton Hill,9,90,26.78,8.76,4.828
Brooklyn,Clinton Hill,10,53,29.38,8.13,5.188
Brooklyn,Clinton Hill,11,47,28.32,9.05,5.558
Brooklyn,Clinton Hill,12,56,30.53,8.8,5.943
Brooklyn,Clinton Hill,13,43,29.83,7.96,5.314
Brooklyn,Clinton Hill,14,53,23.23,9.85,5.254
Brooklyn,Clinton Hill,15,68,31.4,8.45,5.336
Brooklyn,Clinton Hill,16,43,45.47,9.18,7.085
Brooklyn,Clinton Hill,17,65,33.32,8.74,5.73
Brooklyn,Clinton Hill,18,47,20.68,9.83,4.443
Brooklyn,Clinton Hill,19,59,19.7,9.38,4.15
Brooklyn,Clinton Hill,20,42,17.73,10.8,4.837
Brooklyn,Clinton Hill,21,38,17.98,11.98,5.147
Brooklyn,Clinton Hill,22,60,17.8,11.49,3.901
Brooklyn,Clinton Hill,23,57,14.13,12.15,4.358
Brooklyn,Cobble Hill,0,11,12.75,13.09,3.929
Brooklyn,Cobble Hill,1,8,12.47,10.31,3.338
Brooklyn,Cobble Hill,2,4,13.72,14.51,3.67
Brooklyn,Cobble Hill,3,1,17.18,31.15,8.92
Brooklyn,Cobble Hill,5,2,28.57,41.66,19.705
Brooklyn,Cobble Hill,6,27,23.02,14.57,6.702
Brooklyn,Cobble Hill,7,103,23.25,12.86,5.459
Brooklyn,Cobble Hill,8,99,24.65,12.1,4.648
Brooklyn,Cobble Hill,9,45,17.27,11.05,4.152
Brooklyn,Cobble Hill,10,21,15.98,9.54,3.408
Brooklyn,Cobble Hill,11,39,25.43,10.1,5.716
Brooklyn,Cobble Hill,12,21,19.5,11.63,5.553
Brooklyn,Cobble Hill,13,32,19.47,7.54,3.965
Brooklyn,Cobble Hill,14,21,18.98,8.39,3.37
Brooklyn,Cobble Hill,15,23,25.18,9.87,4.791
Brooklyn,Cobble Hill,16,24,16.18,9.02,3.3
Brooklyn,Cobble Hill,17,33,20.58,9.7,3.318
Brooklyn,Cobble Hill,18,31,16.4,8.88,3.152
Brooklyn,Cobble Hill,19,22,15.27,12.24,3.435
Brooklyn,Cobble Hill,20,30,15.52,13.22,4.072
Brooklyn,Cobble Hill,21,23,21.32,14.06,5.896
Brooklyn,Cobble Hill,22,49,18.0,13.14,4.626
Brooklyn,Cobble Hill,23,20,16.3,14.11,4.58
Brooklyn,Columbia Street,0,6,15.9,21.93,5.05
Brooklyn,Columbia Street,1,2,27.18,19.96,9.02
Brooklyn,Columbia Street,2,1,7.6,24.16,3.06
Brooklyn,Columbia Street,4,1,12.12,43.92,8.87
Brooklyn,Columbia Street,5,2,11.15,26.86,5.75
Brooklyn,Columbia Street,6,6,22.41,20.25,8.235
Brooklyn,Columbia Street,7,28,22.06,13.7,6.638
Brooklyn,Columbia Street,8,41,24.22,10.89,5.175
Brooklyn,Columbia Street,9,13,19.63,12.13,5.362
Brooklyn,Columbia Street,10,5,45.27,7.98,4.548
Brooklyn,Columbia Street,11,4,16.81,14.42,4.64
Brooklyn,Columbia Street,12,10,18.61,17.29,6.444
Brooklyn,Columbia Street,13,9,12.77,10.77,2.792
Brooklyn,Columbia Street,14,6,17.81,12.83,3.708
Brooklyn,Columbia Street,15,2,24.58,13.01,5.045
Brooklyn,Columbia Street,16,5,23.83,9.47,3.838
Brooklyn,Columbia Street,17,6,7.93,9.22,2.02
Brooklyn,Columbia Street,18,6,21.1,11.67,7.418
Brooklyn,Columbia Street,19,10,36.74,15.07,11.128
Brooklyn,Columbia Street,20,1,78.22,13.81,18.0
Brooklyn,Columbia Street,21,8,16.75,16.12,5.27
Brooklyn,Columbia Street,22,8,14.13,20.84,4.989
Brooklyn,Columbia Street,23,11,15.6,16.79,5.948
Brooklyn,Coney Island,0,7,23.12,25.76,8.261
Brooklyn,Coney Island,1,3,8.1,18.07,5.27
Brooklyn,Coney Island,2,2,21.79,22.8,9.09
Brooklyn,Coney Island,3,7,24.13,18.45,7.011
Brooklyn,Coney Island,4,11,31.05,24.68,9.795
Brooklyn,Coney Island,5,17,36.42,14.69,12.526
Brooklyn,Coney Island,6,47,40.38,13.98,10.397
Brooklyn,Coney Island,7,45,45.25,12.2,9.972
Brooklyn,Coney Island,8,46,50.62,12.83,10.193
Brooklyn,Coney Island,9,49,45.0,11.98,8.99
Brooklyn,Coney Island,10,47,46.17,11.14,9.895
Brooklyn,Coney Island,11,44,30.31,11.18,7.443
Brooklyn,Coney Island,12,67,36.15,13.47,9.3
Brooklyn,Coney Island,13,55,46.63,15.25,11.727
Brooklyn,Coney Island,14,27,30.57,11.89,9.36
Brooklyn,Coney Island,15,25,50.2,14.11,12.262
Brooklyn,Coney Island,16,20,59.08,10.73,12.155
Brooklyn,Coney Island,17,13,59.8,13.68,11.644
Brooklyn,Coney Island,18,13,64.63,12.9,9.546
Brooklyn,Coney Island,19,12,38.8,14.32,12.505
Brooklyn,Coney Island,20,17,14.58,15.29,8.539
Brooklyn,Coney Island,21,12,16.0,14.34,5.382
Brooklyn,Coney Island,22,18,17.29,20.33,7.551
Brooklyn,Coney Island,23,8,10.62,14.33,5.665
Brooklyn,Crown Heights North,0,51,18.0,12.14,5.044
Brooklyn,Crown Heights North,1,32,18.03,12.17,4.591
Brooklyn,Crown Heights North,2,14,15.0,11.92,4.076
Brooklyn,Crown Heights North,3,14,20.07,13.92,5.851
Brooklyn,Crown Heights North,4,35,23.52,17.49,7.345
Brooklyn,Crown Heights North,5,99,26.48,14.23,7.118
Brooklyn,Crown Heights North,6,138,31.11,12.84,7.292
Brooklyn,Crown Heights North,7,231,28.15,9.1,5.206
Brooklyn,Crown Heights North,8,283,31.48,8.18,4.812
Brooklyn,Crown Heights North,9,245,27.55,7.89,4.537
Brooklyn,Crown Heights North,10,142,31.07,8.51,5.9
Brooklyn,Crown Heights North,11,159,27.75,8.78,5.189
Brooklyn,Crown Heights North,12,155,27.48,8.1,4.93
Brooklyn,Crown Heights North,13,139,25.77,8.14,4.331
Brooklyn,Crown Heights North,14,147,28.8,8.54,5.193
Brooklyn,Crown Heights North,15,139,27.83,8.09,4.766
Brooklyn,Crown Heights North,16,72,26.09,7.74,4.577
Brooklyn,Crown Heights North,17,75,25.0,8.46,4.468
Brooklyn,Crown Heights North,18,86,22.15,9.32,4.7
Brooklyn,Crown Heights North,19,103,23.13,9.72,5.103
Brooklyn,Crown Heights North,20,71,18.33,10.13,4.378
Brooklyn,Crown Heights North,21,44,15.73,10.6,4.274
Brooklyn,Crown Heights North,22,49,20.37,11.58,4.754
Brooklyn,Crown Heights North,23,69,17.2,12.25,4.467
Brooklyn,Crown Heights South,0,8,13.33,13.05,5.338
Brooklyn,Crown Heights South,1,5,14.5,10.24,4.24
Brooklyn,Crown Heights South,2,6,13.83,13.34,4.815
Brooklyn,Crown Heights South,3,4,25.41,14.29,6.87
Brooklyn,Crown Heights South,4,14,21.36,14.57,5.241
Brooklyn,Crown Heights South,5,38,22.72,12.3,5.934
Brooklyn,Crown Heights South,6,39,30.93,12.8,6.968
Brooklyn,Crown Heights South,7,75,33.35,8.84,6.071
Brooklyn,Crown Heights South,8,95,29.2,7.92,4.49
Brooklyn,Crown Heights South,9,89,26.12,7.93,4.033
Brooklyn,Crown Heights South,10,55,22.33,8.19,4.019
Brooklyn,Crown Heights South,11,39,25.8,7.45,4.326
Brooklyn,Crown Heights South,12,63,26.78,8.22,4.997
Brooklyn,Crown Heights South,13,54,26.7,7.38,4.722
Brooklyn,Crown Heights South,14,37,24.7,8.46,4.697
Brooklyn,Crown Heights South,15,37,22.57,8.52,3.858
Brooklyn,Crown Heights South,16,25,26.07,8.42,6.804
Brooklyn,Crown Heights South,17,34,28.98,9.3,4.822
Brooklyn,Crown Heights South,18,29,19.02,9.8,4.154
Brooklyn,Crown Heights South,19,18,24.96,11.08,5.034
Brooklyn,Crown Heights South,20,17,28.7,11.26,6.316
Brooklyn,Crown Heights South,21,14,16.25,11.58,6.27
Brooklyn,Crown Heights South,22,10,15.37,11.68,3.461
Brooklyn,Crown Heights South,23,13,19.55,13.12,3.842
Brooklyn,Cypress Hills,0,12,16.01,12.55,4.569
Brooklyn,Cypress Hills,1,10,19.69,14.37,5.902
Brooklyn,Cypress Hills,2,5,19.6,14.08,5.112
Brooklyn,Cypress Hills,3,8,20.7,13.48,6.84
Brooklyn,Cypress Hills,4,16,19.36,15.83,7.561
Brooklyn,Cypress Hills,5,13,19.07,14.98,7.716
Brooklyn,Cypress Hills,6,43,25.0,12.75,6.855
Brooklyn,Cypress Hills,7,90,28.58,9.37,5.495
Brooklyn,Cypress Hills,8,65,31.2,9.09,7.24
Brooklyn,Cypress Hills,9,33,21.73,11.66,5.633
Brooklyn,Cypress Hills,10,35,31.8,9.84,7.168
Brooklyn,Cypress Hills,11,20,34.67,9.96,6.547
Brooklyn,Cypress Hills,12,22,29.65,10.03,5.626
Brooklyn,Cypress Hills,13,23,37.05,11.93,8.091
Brooklyn,Cypress Hills,14,16,25.38,9.19,4.688
Brooklyn,Cypress Hills,15,15,31.37,9.6,5.469
Brooklyn,Cypress Hills,16,12,25.86,9.24,5.969
Brooklyn,Cypress Hills,17,9,33.83,8.58,5.137
Brooklyn,Cypress Hills,18,16,23.88,9.67,5.092
Brooklyn,Cypress Hills,19,12,37.05,11.53,8.195
Brooklyn,Cypress Hills,20,10,15.64,11.13,4.95
Brooklyn,Cypress Hills,21,12,19.73,13.15,5.392
Brooklyn,Cypress Hills,22,20,20.57,12.61,5.832
Brooklyn,Cypress Hills,23,38,23.03,14.38,7.516
Brooklyn,DUMBO/Vinegar Hill,0,45,16.77,13.46,4.304
Brooklyn,DUMBO/Vinegar Hill,1,37,19.93,15.59,6.541
Brooklyn,DUMBO/Vinegar Hill,2,20,18.38,14.25,6.193
Brooklyn,DUMBO/Vinegar Hill,3,3,17.62,40.44,10.56
Brooklyn,DUMBO/Vinegar Hill,4,10,15.02,21.51,5.992
Brooklyn,DUMBO/Vinegar Hill,5,4,14.54,27.27,6.725
Brooklyn,DUMBO/Vinegar Hill,6,31,28.82,14.21,7.146
Brooklyn,DUMBO/Vinegar Hill,7,64,20.78,14.91,5.415
Brooklyn,DUMBO/Vinegar Hill,8,101,20.23,12.92,4.932
Brooklyn,DUMBO/Vinegar Hill,9,45,21.83,12.37,4.216
Brooklyn,DUMBO/Vinegar Hill,10,33,23.22,13.2,5.292
Brooklyn,DUMBO/Vinegar Hill,11,38,15.55,14.12,4.463
Brooklyn,DUMBO/Vinegar Hill,12,54,17.11,13.24,4.56
Brooklyn,DUMBO/Vinegar Hill,13,85,19.98,13.94,5.692
Brooklyn,DUMBO/Vinegar Hill,14,116,19.4,13.21,4.551
Brooklyn,DUMBO/Vinegar Hill,15,123,19.08,12.97,4.808
Brooklyn,DUMBO/Vinegar Hill,16,100,21.98,13.33,5.626
Brooklyn,DUMBO/Vinegar Hill,17,148,22.03,12.18,4.749
Brooklyn,DUMBO/Vinegar Hill,18,180,19.11,11.77,4.159
Brooklyn,DUMBO/Vinegar Hill,19,102,15.28,11.44,3.713
Brooklyn,DUMBO/Vinegar Hill,20,98,17.56,14.13,4.93
Brooklyn,DUMBO/Vinegar Hill,21,86,17.8,15.08,5.784
Brooklyn,DUMBO/Vinegar Hill,22,90,17.62,14.85,5.463
Brooklyn,DUMBO/Vinegar Hill,23,92,17.83,14.41,4.703
Brooklyn,Downtown Brooklyn/MetroTech,0,67,16.37,13.68,4.613
Brooklyn,Downtown Brooklyn/MetroTech,1,43,16.13,14.89,4.761
Brooklyn,Downtown Brooklyn/MetroTech,2,18,16.27,18.94,5.717
Brooklyn,Downtown Brooklyn/MetroTech,3,19,15.02,20.94,7.238
Brooklyn,Downtown Brooklyn/MetroTech,4,15,15.45,14.61,5.986
Brooklyn,Downtown Brooklyn/MetroTech,5,8,11.08,16.2,4.564
Brooklyn,Downtown Brooklyn/MetroTech,6,39,16.28,17.78,6.252
Brooklyn,Downtown Brooklyn/MetroTech,7,109,16.77,14.61,5.377
Brooklyn,Downtown Brooklyn/MetroTech,8,119,16.98,13.84,4.514
Brooklyn,Downtown Brooklyn/MetroTech,9,86,17.59,12.22,4.365
Brooklyn,Downtown Brooklyn/MetroTech,10,73,17.12,11.72,5.0
Brooklyn,Downtown Brooklyn/MetroTech,11,83,21.37,11.28,5.668
Brooklyn,Downtown Brooklyn/MetroTech,12,88,19.52,13.56,6.032
Brooklyn,Downtown Brooklyn/MetroTech,13,104,19.08,12.28,5.36
Brooklyn,Downtown Brooklyn/MetroTech,14,123,20.37,12.49,5.368
Brooklyn,Downtown Brooklyn/MetroTech,15,154,21.88,11.74,5.313
Brooklyn,Downtown Brooklyn/MetroTech,16,113,25.93,12.38,6.594
Brooklyn,Downtown Brooklyn/MetroTech,17,189,23.88,10.52,5.098
Brooklyn,Downtown Brooklyn/MetroTech,18,177,18.85,10.76,4.378
Brooklyn,Downtown Brooklyn/MetroTech,19,151,18.63,11.7,4.756
Brooklyn,Downtown Brooklyn/MetroTech,20,106,17.37,12.39,4.673
Brooklyn,Downtown Brooklyn/MetroTech,21,102,16.7,11.45,4.572
Brooklyn,Downtown Brooklyn/MetroTech,22,104,17.55,12.92,4.533
Brooklyn,Downtown Brooklyn/MetroTech,23,115,16.63,14.54,4.787
Brooklyn,Dyker Heights,0,1,5.48,29.76,2.72
Brooklyn,Dyker Heights,1,6,8.68,11.92,2.852
Brooklyn,Dyker Heights,3,1,13.77,11.46,2.63
Brooklyn,Dyker Heights,4,2,6.28,9.49,1.06
Brooklyn,Dyker Heights,5,9,34.68,12.63,8.18
Brooklyn,Dyker Heights,6,5,23.72,17.2,6.778
Brooklyn,Dyker Heights,7,31,26.38,11.62,6.436
Brooklyn,Dyker Heights,8,17,30.0,8.41,6.902
Brooklyn,Dyker Heights,9,9,18.38,9.97,4.681
Brooklyn,Dyker Heights,10,14,32.75,6.63,5.484
Brooklyn,Dyker Heights,11,9,35.32,12.31,10.752
Brooklyn,Dyker Heights,12,7,16.2,8.85,3.789
Brooklyn,Dyker Heights,13,12,27.27,8.9,6.63
Brooklyn,Dyker Heights,14,10,16.59,8.17,3.092
Brooklyn,Dyker Heights,15,4,87.08,8.96,14.425
Brooklyn,Dyker Heights,16,2,8.64,10.51,1.32
Brooklyn,Dyker Heights,17,7,16.18,13.82,4.981
Brooklyn,Dyker Heights,18,7,25.95,22.35,7.844
Brooklyn,Dyker Heights,19,5,26.3,21.29,9.564
Brooklyn,Dyker Heights,20,13,24.62,23.42,10.334
Brooklyn,Dyker Heights,21,3,21.67,17.95,7.32
Brooklyn,Dyker Heights,22,1,8.88,9.46,1.4
Brooklyn,Dyker Heights,23,4,11.62,13.55,5.143
Brooklyn,East Flatbush/Farragut,0,10,17.48,12.61,3.964
Brooklyn,East Flatbush/Farragut,1,3,22.03,20.86,8.277
Brooklyn,East Flatbush/Farragut,2,4,10.22,13.57,2.378
Brooklyn,East Flatbush/Farragut,3,11,13.7,13.29,4.855
Brooklyn,East Flatbush/Farragut,4,29,20.28,13.62,6.02
Brooklyn,East Flatbush/Farragut,5,53,32.67,13.11,7.777
Brooklyn,East Flatbush/Farragut,6,112,30.43,12.69,7.747
Brooklyn,East Flatbush/Farragut,7,125,30.23,9.33,5.903
Brooklyn,East Flatbush/Farragut,8,120,31.28,8.31,5.052
Brooklyn,East Flatbush/Farragut,9,90,26.96,7.66,4.208
Brooklyn,East Flatbush/Farragut,10,72,27.32,7.44,4.832
Brooklyn,East Flatbush/Farragut,11,64,24.75,7.72,5.091
Brooklyn,East Flatbush/Farragut,12,50,25.91,7.81,4.638
Brooklyn,East Flatbush/Farragut,13,54,21.67,8.14,4.226
Brooklyn,East Flatbush/Farragut,14,53,23.4,7.05,3.521
Brooklyn,East Flatbush/Farragut,15,43,19.28,6.82,4.173
Brooklyn,East Flatbush/Farragut,16,32,25.5,8.11,6.306
Brooklyn,East Flatbush/Farragut,17,25,32.35,8.56,4.517
Brooklyn,East Flatbush/Farragut,18,24,21.19,8.99,3.269
Brooklyn,East Flatbush/Farragut,19,12,27.19,9.53,7.043
Brooklyn,East Flatbush/Farragut,20,12,20.15,10.09,4.844
Brooklyn,East Flatbush/Farragut,21,8,19.7,11.55,3.546
Brooklyn,East Flatbush/Farragut,22,14,17.6,10.95,3.935
Brooklyn,East Flatbush/Farragut,23,15,15.12,12.44,4.175
Brooklyn,East Flatbush/Remsen Village,0,7,21.52,11.23,5.963
Brooklyn,East Flatbush/Remsen Village,1,6,13.71,12.64,4.37
Brooklyn,East Flatbush/Remsen Village,2,5,13.67,12.66,2.428
Brooklyn,East Flatbush/Remsen Village,3,8,15.29,13.4,2.841
Brooklyn,East Flatbush/Remsen Village,4,43,30.08,14.87,8.188
Brooklyn,East Flatbush/Remsen Village,5,83,25.43,13.18,7.061
Brooklyn,East Flatbush/Remsen Village,6,100,32.73,11.52,6.399
Brooklyn,East Flatbush/Remsen Village,7,136,30.64,9.2,5.374
Brooklyn,East Flatbush/Remsen Village,8,133,29.55,8.13,4.704
Brooklyn,East Flatbush/Remsen Village,9,128,24.63,8.5,4.447
Brooklyn,East Flatbush/Remsen Village,10,80,23.95,8.25,4.897
Brooklyn,East Flatbush/Remsen Village,11,69,29.32,8.45,4.997
Brooklyn,East Flatbush/Remsen Village,12,61,26.0,8.29,4.849
Brooklyn,East Flatbush/Remsen Village,13,62,24.45,8.93,4.698
Brooklyn,East Flatbush/Remsen Village,14,82,23.33,8.53,4.196
Brooklyn,East Flatbush/Remsen Village,15,55,18.48,8.84,3.597
Brooklyn,East Flatbush/Remsen Village,16,51,25.18,8.72,4.513
Brooklyn,East Flatbush/Remsen Village,17,28,30.64,8.54,5.325
Brooklyn,East Flatbush/Remsen Village,18,18,22.85,9.38,4.507
Brooklyn,East Flatbush/Remsen Village,19,28,27.15,10.13,6.103
Brooklyn,East Flatbush/Remsen Village,20,24,18.43,10.76,3.888
Brooklyn,East Flatbush/Remsen Village,21,13,15.45,10.93,3.731
Brooklyn,East Flatbush/Remsen Village,22,24,15.66,12.11,4.143
Brooklyn,East Flatbush/Remsen Village,23,23,19.35,12.87,6.312
Brooklyn,East New York,0,38,20.67,15.74,6.678
Brooklyn,East New York,1,25,14.68,13.19,5.428
Brooklyn,East New York,2,20,14.08,15.72,5.214
Brooklyn,East New York,3,27,18.95,14.44,6.491
Brooklyn,East New York,4,51,21.3,14.24,6.402
Brooklyn,East New York,5,70,25.57,13.48,7.994
Brooklyn,East New York,6,179,29.27,11.78,7.331
Brooklyn,East New York,7,241,31.72,9.64,6.571
Brooklyn,East New York,8,245,31.78,10.36,6.596
Brooklyn,East New York,9,176,32.12,8.88,5.975
Brooklyn,East New York,10,160,33.0,10.23,7.6
Brooklyn,East New York,11,154,31.5,8.14,5.938
Brooklyn,East New York,12,128,31.58,8.21,6.343
Brooklyn,East New York,13,117,31.78,9.13,6.411
Brooklyn,East New York,14,112,31.27,9.27,6.339
Brooklyn,East New York,15,88,30.9,8.98,6.663
Brooklyn,East New York,16,76,27.2,9.0,5.631
Brooklyn,East New York,17,63,25.42,9.56,4.574
Brooklyn,East New York,18,55,24.32,10.03,4.953
Brooklyn,East New York,19,63,25.23,10.55,5.952
Brooklyn,East New York,20,54,19.16,12.38,5.628
Brooklyn,East New York,21,58,17.17,12.51,5.749
Brooklyn,East New York,22,78,19.22,13.3,5.348
Brooklyn,East New York,23,104,20.66,15.24,6.864
Brooklyn,East New York/Pennsylvania Avenue,0,9,23.0,13.98,6.203
Brooklyn,East New York/Pennsylvania Avenue,1,2,21.19,19.82,7.12
Brooklyn,East New York/Pennsylvania Avenue,2,4,19.29,11.89,5.308
Brooklyn,East New York/Pennsylvania Avenue,3,2,27.53,34.9,15.995
Brooklyn,East New York/Pennsylvania Avenue,4,14,15.82,13.51,5.771
Brooklyn,East New York/Pennsylvania Avenue,5,29,36.75,13.8,8.761
Brooklyn,East New York/Pennsylvania Avenue,6,52,22.97,12.14,6.215
Brooklyn,East New York/Pennsylvania Avenue,7,69,25.7,9.49,6.308
Brooklyn,East New York/Pennsylvania Avenue,8,73,30.38,8.95,6.296
Brooklyn,East New York/Pennsylvania Avenue,9,76,29.63,7.89,5.928
Brooklyn,East New York/Pennsylvania Avenue,10,34,30.39,8.7,6.381
Brooklyn,East New York/Pennsylvania Avenue,11,34,32.53,7.42,6.049
Brooklyn,East New York/Pennsylvania Avenue,12,33,29.57,8.64,5.991
Brooklyn,East New York/Pennsylvania Avenue,13,26,41.86,9.01,8.35
Brooklyn,East New York/Pennsylvania Avenue,14,34,27.49,9.09,5.511
Brooklyn,East New York/Pennsylvania Avenue,15,23,22.13,9.98,5.424
Brooklyn,East New York/Pennsylvania Avenue,16,12,17.59,8.12,4.05
Brooklyn,East New York/Pennsylvania Avenue,17,13,26.0,8.4,4.983
Brooklyn,East New York/Pennsylvania Avenue,18,12,39.88,9.51,5.85
Brooklyn,East New York/Pennsylvania Avenue,19,2,27.93,11.89,5.55
Brooklyn,East New York/Pennsylvania Avenue,20,10,21.52,9.35,5.976
Brooklyn,East New York/Pennsylvania Avenue,21,11,25.25,11.67,5.683
Brooklyn,East New York/Pennsylvania Avenue,22,12,15.63,11.59,5.736
Brooklyn,East New York/Pennsylvania Avenue,23,14,20.87,12.56,6.104
Brooklyn,East Williamsburg,0,117,16.43,13.54,4.845
Brooklyn,East Williamsburg,1,114,16.51,14.42,4.837
Brooklyn,East Williamsburg,2,144,19.14,15.47,5.36
Brooklyn,East Williamsburg,3,151,20.5,17.3,6.433
Brooklyn,East Williamsburg,4,108,18.78,16.43,6.313
Brooklyn,East Williamsburg,5,38,20.03,15.66,5.943
Brooklyn,East Williamsburg,6,40,19.88,15.32,6.075
Brooklyn,East Williamsburg,7,57,22.47,12.45,5.131
Brooklyn,East Williamsburg,8,80,27.84,10.99,5.894
Brooklyn,East Williamsburg,9,60,24.44,10.07,5.791
Brooklyn,East Williamsburg,10,28,29.26,10.08,5.782
Brooklyn,East Williamsburg,11,26,24.88,10.08,4.668
Brooklyn,East Williamsburg,12,28,21.97,13.06,6.351
Brooklyn,East Williamsburg,13,22,22.5,10.32,4.615
Brooklyn,East Williamsburg,14,45,24.13,9.12,5.125
Brooklyn,East Williamsburg,15,46,24.83,8.32,4.52
Brooklyn,East Williamsburg,16,23,19.42,10.42,4.584
Brooklyn,East Williamsburg,17,39,17.07,10.07,3.756
Brooklyn,East Williamsburg,18,45,22.17,11.37,5.264
Brooklyn,East Williamsburg,19,33,21.25,11.0,4.605
Brooklyn,East Williamsburg,20,32,18.59,12.14,5.018
Brooklyn,East Williamsburg,21,30,16.68,13.56,4.894
Brooklyn,East Williamsburg,22,60,15.89,14.76,5.031
Brooklyn,East Williamsburg,23,96,18.28,14.44,5.194
Brooklyn,Erasmus,0,8,13.9,14.01,4.971
Brooklyn,Erasmus,1,2,13.23,8.05,1.805
Brooklyn,Erasmus,2,2,19.12,17.01,6.285
Brooklyn,Erasmus,3,6,29.96,18.75,8.565
Brooklyn,Erasmus,4,19,23.5,13.92,6.468
Brooklyn,Erasmus,5,24,28.88,13.39,6.499
Brooklyn,Erasmus,6,52,25.72,12.35,6.627
Brooklyn,Erasmus,7,69,29.8,9.66,6.002
Brooklyn,Erasmus,8,65,29.93,8.32,4.863
Brooklyn,Erasmus,9,44,32.06,8.07,4.541
Brooklyn,Erasmus,10,44,22.8,8.07,4.413
Brooklyn,Erasmus,11,19,16.25,8.4,3.196
Brooklyn,Erasmus,12,26,36.22,10.32,6.694
Brooklyn,Erasmus,13,28,30.28,8.0,4.361
Brooklyn,Erasmus,14,47,24.98,8.68,4.577
Brooklyn,Erasmus,15,30,24.35,8.6,4.94
Brooklyn,Erasmus,16,20,25.82,8.75,4.125
Brooklyn,Erasmus,17,22,24.37,8.84,4.965
Brooklyn,Erasmus,18,16,24.23,9.84,6.054
Brooklyn,Erasmus,19,20,23.13,9.68,3.815
Brooklyn,Erasmus,20,18,15.62,10.42,4.909
Brooklyn,Erasmus,21,9,27.08,12.59,7.072
Brooklyn,Erasmus,22,10,18.92,13.03,5.771
Brooklyn,Erasmus,23,16,20.87,11.54,4.87
Brooklyn,Flatbush/Ditmas Park,0,18,12.45,13.36,2.955
Brooklyn,Flatbush/Ditmas Park,1,8,16.42,12.75,5.9
Brooklyn,Flatbush/Ditmas Park,2,7,16.75,12.96,6.317
Brooklyn,Flatbush/Ditmas Park,3,10,17.23,13.1,4.08
Brooklyn,Flatbush/Ditmas Park,4,29,21.82,15.98,7.08
Brooklyn,Flatbush/Ditmas Park,5,43,38.13,12.29,7.96
Brooklyn,Flatbush/Ditmas Park,6,82,29.43,13.37,7.987
Brooklyn,Flatbush/Ditmas Park,7,213,28.12,10.2,5.908
Brooklyn,Flatbush/Ditmas Park,8,216,28.3,8.32,5.225
Brooklyn,Flatbush/Ditmas Park,9,123,31.18,8.02,5.17
Brooklyn,Flatbush/Ditmas Park,10,102,28.69,7.71,4.995
Brooklyn,Flatbush/Ditmas Park,11,97,30.65,9.04,6.622
Brooklyn,Flatbush/Ditmas Park,12,94,23.44,9.06,5.097
Brooklyn,Flatbush/Ditmas Park,13,103,29.53,8.5,5.355
Brooklyn,Flatbush/Ditmas Park,14,84,21.01,7.88,3.83
Brooklyn,Flatbush/Ditmas Park,15,72,26.16,7.56,4.713
Brooklyn,Flatbush/Ditmas Park,16,26,31.52,9.7,6.23
Brooklyn,Flatbush/Ditmas Park,17,48,29.25,8.91,5.27
Brooklyn,Flatbush/Ditmas Park,18,51,24.7,9.05,4.848
Brooklyn,Flatbush/Ditmas Park,19,37,22.0,9.9,4.958
Brooklyn,Flatbush/Ditmas Park,20,40,19.16,11.6,5.498
Brooklyn,Flatbush/Ditmas Park,21,34,18.29,11.82,4.467
Brooklyn,Flatbush/Ditmas Park,22,41,23.25,11.93,5.937
Brooklyn,Flatbush/Ditmas Park,23,33,14.43,12.7,5.056
Brooklyn,Flatlands,0,10,19.98,11.9,5.733
Brooklyn,Flatlands,1,5,23.33,16.41,6.834
Brooklyn,Flatlands,2,4,20.83,13.41,6.18
Brooklyn,Flatlands,3,17,23.53,15.04,5.511
Brooklyn,Flatlands,4,21,20.58,14.89,7.097
Brooklyn,Flatlands,5,38,22.25,13.0,6.022
Brooklyn,Flatlands,6,91,36.02,10.92,6.885
Brooklyn,Flatlands,7,145,31.9,8.86,6.025
Brooklyn,Flatlands,8,135,26.42,9.36,6.025
Brooklyn,Flatlands,9,93,29.85,8.37,5.336
Brooklyn,Flatlands,10,71,26.5,8.31,5.56
Brooklyn,Flatlands,11,58,31.22,8.32,4.998
Brooklyn,Flatlands,12,41,25.75,8.87,5.832
Brooklyn,Flatlands,13,60,31.2,6.97,4.767
Brooklyn,Flatlands,14,52,22.23,9.53,4.455
Brooklyn,Flatlands,15,51,26.17,8.53,4.981
Brooklyn,Flatlands,16,18,37.42,8.24,6.956
Brooklyn,Flatlands,17,25,40.17,9.95,6.54
Brooklyn,Flatlands,18,21,25.88,9.83,5.335
Brooklyn,Flatlands,19,22,14.35,11.78,6.05
Brooklyn,Flatlands,20,9,20.42,12.52,4.616
Brooklyn,Flatlands,21,19,18.68,11.15,4.098
Brooklyn,Flatlands,22,25,20.0,11.86,5.276
Brooklyn,Flatlands,23,25,18.0,12.16,4.305
Brooklyn,Fort Greene,0,98,16.92,14.84,5.364
Brooklyn,Fort Greene,1,61,17.53,12.9,4.918
Brooklyn,Fort Greene,2,33,16.18,12.37,3.904
Brooklyn,Fort Greene,3,8,12.08,14.02,3.841
Brooklyn,Fort Greene,4,7,19.93,13.19,5.754
Brooklyn,Fort Greene,5,17,19.53,14.96,7.071
Brooklyn,Fort Greene,6,39,21.8,13.97,6.794
Brooklyn,Fort Greene,7,77,24.1,11.18,5.249
Brooklyn,Fort Greene,8,118,21.34,10.94,4.589
Brooklyn,Fort Greene,9,86,24.33,8.42,5.005
Brooklyn,Fort Greene,10,81,17.23,8.58,3.409
Brooklyn,Fort Greene,11,77,24.33,9.22,5.155
Brooklyn,Fort Greene,12,103,22.22,8.33,4.18
Brooklyn,Fort Greene,13,87,24.83,8.86,5.15
Brooklyn,Fort Greene,14,100,21.28,11.18,5.17
Brooklyn,Fort Greene,15,114,22.6,8.72,4.24
Brooklyn,Fort Greene,16,81,22.17,8.29,4.091
Brooklyn,Fort Greene,17,124,19.46,9.1,3.958
Brooklyn,Fort Greene,18,163,18.88,9.98,3.751
Brooklyn,Fort Greene,19,108,17.46,10.5,4.056
Brooklyn,Fort Greene,20,96,17.38,10.65,3.882
Brooklyn,Fort Greene,21,99,18.97,11.25,4.921
Brooklyn,Fort Greene,22,171,17.45,12.61,4.82
Brooklyn,Fort Greene,23,150,17.91,12.81,4.57
Brooklyn,Gowanus,0,36,17.04,14.6,5.738
Brooklyn,Gowanus,1,11,19.3,15.95,5.495
Brooklyn,Gowanus,2,4,25.93,15.63,6.35
Brooklyn,Gowanus,3,3,25.58,21.97,10.3
Brooklyn,Gowanus,4,6,28.5,17.82,7.997
Brooklyn,Gowanus,5,3,18.1,14.24,4.553
Brooklyn,Gowanus,6,3,19.08,20.12,9.35
Brooklyn,Gowanus,7,10,16.44,10.4,3.882
Brooklyn,Gowanus,8,24,29.46,11.87,5.726
Brooklyn,Gowanus,9,30,33.46,11.57,6.353
Brooklyn,Gowanus,10,9,38.93,7.77,5.52
Brooklyn,Gowanus,11,20,25.23,9.43,4.399
Brooklyn,Gowanus,12,7,16.42,7.0,3.36
Brooklyn,Gowanus,13,15,27.53,8.76,5.235
Brooklyn,Gowanus,14,18,33.54,8.7,4.776
Brooklyn,Gowanus,15,14,23.22,11.29,4.923
Brooklyn,Gowanus,16,3,9.52,4.35,0.693
Brooklyn,Gowanus,17,21,25.15,8.42,3.95
Brooklyn,Gowanus,18,36,24.12,10.1,4.424
Brooklyn,Gowanus,19,14,18.48,10.34,4.851
Brooklyn,Gowanus,20,20,20.13,12.53,5.567
Brooklyn,Gowanus,21,22,19.36,13.13,5.342
Brooklyn,Gowanus,22,38,22.63,14.56,6.109
Brooklyn,Gowanus,23,31,18.95,15.28,6.381
Brooklyn,Gravesend,0,5,28.25,14.69,8.688
Brooklyn,Gravesend,1,6,6.37,17.01,6.785
Brooklyn,Gravesend,2,6,16.09,13.48,7.493
Brooklyn,Gravesend,3,1,15.55,16.09,4.17
Brooklyn,Gravesend,4,4,34.14,12.64,10.263
Brooklyn,Gravesend,5,4,42.48,13.64,10.625
Brooklyn,Gravesend,6,21,56.15,13.07,12.095
Brooklyn,Gravesend,7,26,49.78,13.05,9.447
Brooklyn,Gravesend,8,25,25.73,8.82,5.926
Brooklyn,Gravesend,9,7,28.33,13.88,11.059
Brooklyn,Gravesend,10,19,36.25,9.77,6.103
Brooklyn,Gravesend,11,9,24.22,10.04,7.822
Brooklyn,Gravesend,12,15,33.82,12.93,9.147
Brooklyn,Gravesend,13,12,37.76,10.93,9.175
Brooklyn,Gravesend,14,11,33.78,7.84,5.488
Brooklyn,Gravesend,15,6,58.18,10.12,9.525
Brooklyn,Gravesend,16,5,26.72,9.43,6.274
Brooklyn,Gravesend,17,5,22.47,13.08,7.2
Brooklyn,Gravesend,18,6,35.67,8.5,4.808
Brooklyn,Gravesend,19,6,13.58,12.33,4.208
Brooklyn,Gravesend,20,4,18.14,19.47,6.318
Brooklyn,Gravesend,21,5,23.12,14.57,7.298
Brooklyn,Gravesend,22,6,14.16,23.63,10.165
Brooklyn,Gravesend,23,6,29.88,15.02,7.87
Brooklyn,Green-Wood Cemetery,23,1,21.72,16.47,5.96
Brooklyn,Greenpoint,0,129,18.28,14.37,4.759
Brooklyn,Greenpoint,1,107,18.0,13.69,4.648
Brooklyn,Greenpoint,2,93,16.67,16.24,5.172
Brooklyn,Greenpoint,3,65,14.4,15.36,4.242
Brooklyn,Greenpoint,4,73,15.77,16.83,4.847
Brooklyn,Greenpoint,5,28,12.92,14.26,4.708
Brooklyn,Greenpoint,6,30,18.13,12.91,4.345
Brooklyn,Greenpoint,7,49,19.38,11.17,4.082
Brooklyn,Greenpoint,8,69,21.88,10.46,3.705
Brooklyn,Greenpoint,9,54,22.48,9.51,4.093
Brooklyn,Greenpoint,10,21,19.22,10.0,3.942
Brooklyn,Greenpoint,11,23,21.38,12.65,5.426
Brooklyn,Greenpoint,12,20,20.66,11.69,4.464
Brooklyn,Greenpoint,13,26,16.8,11.97,3.982
Brooklyn,Greenpoint,14,20,21.77,10.63,4.949
Brooklyn,Greenpoint,15,27,22.52,10.79,4.404
Brooklyn,Greenpoint,16,26,17.91,8.92,3.716
Brooklyn,Greenpoint,17,43,16.78,10.87,3.813
Brooklyn,Greenpoint,18,59,19.53,10.21,3.682
Brooklyn,Greenpoint,19,47,18.0,11.04,3.581
Brooklyn,Greenpoint,20,69,17.0,10.97,3.951
Brooklyn,Greenpoint,21,62,18.2,12.62,4.029
Brooklyn,Greenpoint,22,107,17.65,13.53,4.456
Brooklyn,Greenpoint,23,147,19.15,15.04,5.051
Brooklyn,Homecrest,0,8,8.68,10.44,1.453
Brooklyn,Homecrest,1,5,17.25,15.7,5.92
Brooklyn,Homecrest,2,5,11.27,14.27,2.824
Brooklyn,Homecrest,3,2,33.03,22.31,12.265
Brooklyn,Homecrest,4,3,15.67,15.28,4.54
Brooklyn,Homecrest,5,12,45.25,12.47,9.805
Brooklyn,Homecrest,6,9,33.88,12.06,9.538
Brooklyn,Homecrest,7,23,40.75,10.33,7.063
Brooklyn,Homecrest,8,32,31.23,10.0,6.678
Brooklyn,Homecrest,9,17,25.65,7.44,5.062
Brooklyn,Homecrest,10,22,40.36,12.02,8.675
Brooklyn,Homecrest,11,26,33.68,7.03,5.469
Brooklyn,Homecrest,12,30,37.08,7.87,6.866
Brooklyn,Homecrest,13,29,33.73,7.69,7.02
Brooklyn,Homecrest,14,22,23.89,8.1,5.555
Brooklyn,Homecrest,15,16,27.01,8.96,5.563
Brooklyn,Homecrest,16,13,33.8,8.67,5.992
Brooklyn,Homecrest,17,17,19.3,7.51,3.707
Brooklyn,Homecrest,18,12,31.03,9.98,6.771
Brooklyn,Homecrest,19,6,23.1,8.59,4.718
Brooklyn,Homecrest,20,5,26.88,11.52,6.858
Brooklyn,Homecrest,21,6,14.82,11.98,3.11
Brooklyn,Homecrest,22,4,18.27,13.06,5.198
Brooklyn,Homecrest,23,11,12.73,15.33,4.061
Brooklyn,Kensington,0,1,7.25,8.44,1.02
Brooklyn,Kensington,1,5,12.83,9.8,2.336
Brooklyn,Kensington,2,4,14.82,14.21,5.467
Brooklyn,Kensington,3,3,17.15,27.5,11.397
Brooklyn,Kensington,4,5,13.42,16.94,5.036
Brooklyn,Kensington,5,9,55.37,10.29,9.647
Brooklyn,Kensington,6,17,28.02,11.59,6.705
Brooklyn,Kensington,7,59,25.6,11.8,6.152
Brooklyn,Kensington,8,73,23.57,9.47,5.053
Brooklyn,Kensington,9,37,21.15,9.06,4.071
Brooklyn,Kensington,10,18,32.79,8.32,5.616
Brooklyn,Kensington,11,15,39.57,8.06,6.124
Brooklyn,Kensington,12,23,33.55,10.12,6.251
Brooklyn,Kensington,13,27,29.45,9.81,7.009
Brooklyn,Kensington,14,19,20.1,9.0,3.707
Brooklyn,Kensington,15,14,17.69,7.87,3.516
Brooklyn,Kensington,16,6,27.25,11.46,5.783
Brooklyn,Kensington,17,15,23.7,9.23,4.663
Brooklyn,Kensington,18,11,10.22,7.54,1.604
Brooklyn,Kensington,19,15,14.28,10.2,5.293
Brooklyn,Kensington,20,4,27.7,12.16,8.475
Brooklyn,Kensington,21,5,22.1,12.89,5.632
Brooklyn,Kensington,22,4,11.44,13.65,5.89
Brooklyn,Kensington,23,10,10.92,13.21,4.164
Brooklyn,Madison,0,2,16.93,17.11,5.82
Brooklyn,Madison,1,4,9.23,12.79,2.55
Brooklyn,Madison,2,3,13.63,14.25,3.453
Brooklyn,Madison,3,2,18.63,41.55,12.2
Brooklyn,Madison,4,2,8.33,9.89,1.325
Brooklyn,Madison,5,8,51.21,16.38,13.461
Brooklyn,Madison,6,24,54.0,12.57,10.725
Brooklyn,Madison,7,23,25.25,9.21,4.803
Brooklyn,Madison,8,31,36.72,7.54,5.746
Brooklyn,Madison,9,11,38.17,8.55,6.427
Brooklyn,Madison,10,16,17.88,6.92,3.681
Brooklyn,Madison,11,20,28.48,8.72,6.338
Brooklyn,Madison,12,15,35.07,8.49,6.302
Brooklyn,Madison,13,14,19.23,8.08,4.278
Brooklyn,Madison,14,12,25.36,9.39,5.033
Brooklyn,Madison,15,14,30.26,9.36,6.414
Brooklyn,Madison,16,8,21.66,9.91,6.121
Brooklyn,Madison,17,9,37.37,13.11,7.731
Brooklyn,Madison,18,6,33.08,7.2,5.047
Brooklyn,Madison,19,3,18.4,8.66,2.93
Brooklyn,Madison,20,6,10.53,9.76,1.875
Brooklyn,Madison,21,5,17.97,11.44,7.452
Brooklyn,Madison,22,6,13.48,12.52,3.005
Brooklyn,Madison,23,6,5.69,13.53,7.195
Brooklyn,Manhattan Beach,0,7,18.75,21.6,7.387
Brooklyn,Manhattan Beach,1,6,10.05,18.04,6.64
Brooklyn,Manhattan Beach,2,1,12.52,26.84,5.6
Brooklyn,Manhattan Beach,4,1,17.38,22.88,6.63
Brooklyn,Manhattan Beach,5,2,27.53,15.2,7.825
Brooklyn,Manhattan Beach,6,2,21.78,21.2,7.64
Brooklyn,Manhattan Beach,7,8,37.02,11.85,9.254
Brooklyn,Manhattan Beach,8,9,41.58,7.33,5.336
Brooklyn,Manhattan Beach,9,5,49.78,16.27,10.72
Brooklyn,Manhattan Beach,10,5,31.88,12.19,12.42
Brooklyn,Manhattan Beach,11,5,15.75,11.55,3.48
Brooklyn,Manhattan Beach,12,6,19.07,8.92,7.767
Brooklyn,Manhattan Beach,13,5,32.97,12.12,11.378
Brooklyn,Manhattan Beach,14,7,33.03,8.48,6.029
Brooklyn,Manhattan Beach,15,6,43.9,8.39,8.158
Brooklyn,Manhattan Beach,16,4,19.93,13.13,8.243
Brooklyn,Manhattan Beach,17,3,6.93,8.27,2.93
Brooklyn,Manhattan Beach,18,6,16.39,10.91,4.193
Brooklyn,Manhattan Beach,19,2,10.29,13.69,2.475
Brooklyn,Manhattan Beach,20,5,13.15,10.49,4.008
Brooklyn,Manhattan Beach,21,3,14.72,12.68,7.92
Brooklyn,Manhattan Beach,22,5,18.93,43.38,10.81
Brooklyn,Manhattan Beach,23,16,14.29,14.57,6.869
Brooklyn,Marine Park/Floyd Bennett Field,0,2,16.58,33.85,10.405
Brooklyn,Marine Park/Floyd Bennett Field,1,2,10.36,30.07,7.155
Brooklyn,Marine Park/Floyd Bennett Field,5,2,13.11,22.19,4.735
Brooklyn,Marine Park/Floyd Bennett Field,6,1,8.55,37.4,5.33
Brooklyn,Marine Park/Floyd Bennett Field,9,1,9.65,50.86,8.18
Brooklyn,Marine Park/Floyd Bennett Field,10,1,11.5,8.56,1.64
Brooklyn,Marine Park/Floyd Bennett Field,11,2,15.82,24.26,6.2
Brooklyn,Marine Park/Floyd Bennett Field,12,3,10.33,14.13,3.53
Brooklyn,Marine Park/Floyd Bennett Field,13,1,17.07,4.22,1.2
Brooklyn,Marine Park/Floyd Bennett Field,14,1,10.6,33.85,5.98
Brooklyn,Marine Park/Floyd Bennett Field,15,4,30.73,13.2,6.863
Brooklyn,Marine Park/Floyd Bennett Field,16,1,17.37,9.33,2.7
Brooklyn,Marine Park/Floyd Bennett Field,17,2,20.71,13.89,4.35
Brooklyn,Marine Park/Floyd Bennett Field,18,3,6.12,31.57,3.203
Brooklyn,Marine Park/Floyd Bennett Field,19,5,19.05,32.78,11.168
Brooklyn,Marine Park/Floyd Bennett Field,20,4,8.9,37.4,6.253
Brooklyn,Marine Park/Floyd Bennett Field,21,3,20.25,23.32,8.51
Brooklyn,Marine Park/Floyd Bennett Field,22,2,8.08,23.13,3.21
Brooklyn,Marine Park/Floyd Bennett Field,23,4,16.02,15.58,4.175
Brooklyn,Marine Park/Mill Basin,0,15,18.25,15.45,6.137
Brooklyn,Marine Park/Mill Basin,1,3,14.78,23.4,5.123
Brooklyn,Marine Park/Mill Basin,2,6,20.39,19.67,7.587
Brooklyn,Marine Park/Mill Basin,3,1,15.23,12.6,3.2
Brooklyn,Marine Park/Mill Basin,4,5,8.28,8.31,1.54
Brooklyn,Marine Park/Mill Basin,5,16,17.61,15.77,10.228
Brooklyn,Marine Park/Mill Basin,6,43,43.27,11.18,8.094
Brooklyn,Marine Park/Mill Basin,7,35,21.65,10.59,4.718
Brooklyn,Marine Park/Mill Basin,8,27,27.78,9.02,7.547
Brooklyn,Marine Park/Mill Basin,9,27,23.52,10.45,7.044
Brooklyn,Marine Park/Mill Basin,10,28,24.94,7.98,4.969
Brooklyn,Marine Park/Mill Basin,11,39,26.32,9.56,7.985
Brooklyn,Marine Park/Mill Basin,12,41,27.92,9.43,6.267
Brooklyn,Marine Park/Mill Basin,13,47,20.82,9.09,5.013
Brooklyn,Marine Park/Mill Basin,14,37,30.7,8.99,5.711
Brooklyn,Marine Park/Mill Basin,15,16,21.04,9.06,4.851
Brooklyn,Marine Park/Mill Basin,16,18,21.02,8.81,5.102
Brooklyn,Marine Park/Mill Basin,17,14,23.01,9.37,4.846
Brooklyn,Marine Park/Mill Basin,18,26,22.7,11.02,6.152
Brooklyn,Marine Park/Mill Basin,19,16,27.23,13.82,7.736
Brooklyn,Marine Park/Mill Basin,20,13,19.77,20.4,7.548
Brooklyn,Marine Park/Mill Basin,21,12,17.02,12.62,4.943
Brooklyn,Marine Park/Mill Basin,22,15,21.93,13.32,7.425
Brooklyn,Marine Park/Mill Basin,23,14,15.6,12.47,5.915
Brooklyn,Midwood,0,7,32.4,13.76,8.796
Brooklyn,Midwood,1,3,9.83,13.02,2.87
Brooklyn,Midwood,2,4,18.29,11.75,4.2
Brooklyn,Midwood,3,1,16.57,13.29,3.67
Brooklyn,Midwood,4,5,20.67,17.25,6.708
Brooklyn,Midwood,5,6,18.93,13.02,6.748
Brooklyn,Midwood,6,30,42.27,12.74,9.238
Brooklyn,Midwood,7,46,24.98,9.29,5.281
Brooklyn,Midwood,8,56,26.03,7.76,4.599
Brooklyn,Midwood,9,40,23.53,8.22,4.846
Brooklyn,Midwood,10,34,31.52,7.8,4.662
Brooklyn,Midwood,11,37,40.03,8.82,6.492
Brooklyn,Midwood,12,34,30.18,7.82,5.468
Brooklyn,Midwood,13,31,31.18,8.45,5.242
Brooklyn,Midwood,14,41,31.18,8.19,5.289
Brooklyn,Midwood,15,34,27.28,7.85,4.463
Brooklyn,Midwood,16,19,32.72,8.26,5.925
Brooklyn,Midwood,17,19,20.48,8.69,3.597
Brooklyn,Midwood,18,11,24.93,10.31,5.355
Brooklyn,Midwood,19,7,37.98,9.86,7.341
Brooklyn,Midwood,20,12,23.53,11.31,5.804
Brooklyn,Midwood,21,4,25.16,11.09,5.89
Brooklyn,Midwood,22,8,14.87,12.37,3.648
Brooklyn,Midwood,23,4,7.86,11.76,2.485
Brooklyn,Ocean Hill,0,34,18.68,12.38,4.988
Brooklyn,Ocean Hill,1,7,19.47,13.84,6.516
Brooklyn,Ocean Hill,2,8,12.83,13.67,4.13
Brooklyn,Ocean Hill,3,10,14.51,13.96,4.335
Brooklyn,Ocean Hill,4,8,18.65,16.02,5.913
Brooklyn,Ocean Hill,5,46,25.63,14.83,7.596
Brooklyn,Ocean Hill,6,74,29.19,13.11,7.496
Brooklyn,Ocean Hill,7,123,28.0,9.06,6.063
Brooklyn,Ocean Hill,8,144,32.67,8.8,5.417
Brooklyn,Ocean Hill,9,87,23.45,8.34,5.026
Brooklyn,Ocean Hill,10,54,28.66,8.84,5.061
Brooklyn,Ocean Hill,11,54,36.15,7.95,6.083
Brooklyn,Ocean Hill,12,36,31.86,9.26,7.094
Brooklyn,Ocean Hill,13,46,30.6,8.96,6.466
Brooklyn,Ocean Hill,14,53,30.4,7.29,5.128
Brooklyn,Ocean Hill,15,40,24.59,9.03,5.255
Brooklyn,Ocean Hill,16,22,34.69,8.28,6.886
Brooklyn,Ocean Hill,17,27,28.37,9.39,6.287
Brooklyn,Ocean Hill,18,24,28.33,9.4,4.272
Brooklyn,Ocean Hill,19,14,32.38,13.19,9.114
Brooklyn,Ocean Hill,20,24,21.63,11.22,5.513
Brooklyn,Ocean Hill,21,10,13.44,10.8,4.307
Brooklyn,Ocean Hill,22,28,16.23,11.39,4.899
Brooklyn,Ocean Hill,23,36,19.42,13.46,5.154
Brooklyn,Ocean Parkway South,0,2,9.32,11.51,1.875
Brooklyn,Ocean Parkway South,1,2,6.32,15.2,1.66
Brooklyn,Ocean Parkway South,2,1,33.05,29.46,16.23
Brooklyn,Ocean Parkway South,3,1,27.62,12.17,5.6
Brooklyn,Ocean Parkway South,4,4,27.07,14.84,6.82
Brooklyn,Ocean Parkway South,5,8,28.11,15.36,8.609
Brooklyn,Ocean Parkway South,6,3,32.63,13.85,8.487
Brooklyn,Ocean Parkway South,7,16,26.48,9.73,4.508
Brooklyn,Ocean Parkway South,8,12,29.72,8.19,5.048
Brooklyn,Ocean Parkway South,9,14,24.57,7.04,4.766
Brooklyn,Ocean Parkway South,10,6,46.28,10.95,9.465
Brooklyn,Ocean Parkway South,11,3,24.9,10.77,3.947
Brooklyn,Ocean Parkway South,12,7,37.1,7.82,6.014
Brooklyn,Ocean Parkway South,13,1,13.67,4.39,1.0
Brooklyn,Ocean Parkway South,14,5,13.87,7.14,3.406
Brooklyn,Ocean Parkway South,15,6,9.24,9.51,2.738
Brooklyn,Ocean Parkway South,16,6,18.4,4.7,3.605
Brooklyn,Ocean Parkway South,17,3,21.9,10.79,4.737
Brooklyn,Ocean Parkway South,18,3,12.4,8.62,1.86
Brooklyn,Ocean Parkway South,19,2,14.22,9.44,2.36
Brooklyn,Ocean Parkway South,20,1,16.42,9.94,2.72
Brooklyn,Ocean Parkway South,21,2,9.05,13.67,2.165
Brooklyn,Ocean Parkway South,22,3,15.35,9.24,1.893
Brooklyn,Ocean Parkway South,23,2,22.14,12.52,4.835
Brooklyn,Park Slope,0,98,16.68,12.87,4.486
Brooklyn,Park Slope,1,53,20.7,15.42,5.544
Brooklyn,Park Slope,2,25,16.72,14.52,4.833
Brooklyn,Park Slope,3,17,11.07,13.5,3.508
Brooklyn,Park Slope,4,16,19.27,16.31,6.418
Brooklyn,Park Slope,5,12,15.58,13.86,6.675
Brooklyn,Park Slope,6,29,23.48,14.03,6.883
Brooklyn,Park Slope,7,65,24.25,11.38,5.149
Brooklyn,Park Slope,8,89,30.95,9.09,5.613
Brooklyn,Park Slope,9,69,31.13,8.64,5.744
Brooklyn,Park Slope,10,60,33.12,8.11,5.578
Brooklyn,Park Slope,11,61,29.7,7.65,5.465
Brooklyn,Park Slope,12,77,32.57,8.3,5.604
Brooklyn,Park Slope,13,59,27.1,7.67,4.819
Brooklyn,Park Slope,14,77,24.75,8.25,4.496
Brooklyn,Park Slope,15,56,24.86,8.35,4.932
Brooklyn,Park Slope,16,67,22.4,9.07,4.811
Brooklyn,Park Slope,17,90,19.72,9.22,3.758
Brooklyn,Park Slope,18,111,20.03,9.74,3.837
Brooklyn,Park Slope,19,103,18.13,10.74,4.075
Brooklyn,Park Slope,20,131,18.27,10.78,4.245
Brooklyn,Park Slope,21,146,18.35,11.97,4.478
Brooklyn,Park Slope,22,196,21.29,12.58,5.363
Brooklyn,Park Slope,23,140,17.45,13.33,4.503
Brooklyn,Prospect Heights,0,17,10.37,12.47,3.497
Brooklyn,Prospect Heights,1,22,15.0,12.0,4.011
Brooklyn,Prospect Heights,2,14,17.77,11.33,3.876
Brooklyn,Prospect Heights,3,7,9.83,13.94,5.193
Brooklyn,Prospect Heights,4,10,19.98,18.96,8.778
Brooklyn,Prospect Heights,5,16,24.56,13.14,6.594
Brooklyn,Prospect Heights,6,15,33.67,11.96,6.951
Brooklyn,Prospect Heights,7,34,23.46,9.3,5.265
Brooklyn,Prospect Heights,8,47,28.2,8.24,4.399
Brooklyn,Prospect Heights,9,27,28.77,8.68,4.012
Brooklyn,Prospect Heights,10,20,38.99,6.21,4.292
Brooklyn,Prospect Heights,11,27,38.8,7.89,6.235
Brooklyn,Prospect Heights,12,18,17.71,9.74,4.903
Brooklyn,Prospect Heights,13,30,30.81,9.53,5.408
Brooklyn,Prospect Heights,14,30,32.55,8.83,6.481
Brooklyn,Prospect Heights,15,35,23.0,9.58,4.3
Brooklyn,Prospect Heights,16,26,17.83,9.17,3.507
Brooklyn,Prospect Heights,17,30,15.92,8.25,2.61
Brooklyn,Prospect Heights,18,34,21.58,8.87,3.056
Brooklyn,Prospect Heights,19,32,17.01,8.98,3.395
Brooklyn,Prospect Heights,20,24,15.13,10.04,3.818
Brooklyn,Prospect Heights,21,29,22.42,11.07,4.742
Brooklyn,Prospect Heights,22,58,19.73,11.92,5.097
Brooklyn,Prospect Heights,23,47,18.4,12.23,4.83
Brooklyn,Prospect Park,0,3,8.05,13.09,2.32
Brooklyn,Prospect Park,2,1,18.07,10.13,3.05
Brooklyn,Prospect Park,3,1,27.23,14.19,6.44
Brooklyn,Prospect Park,5,1,59.33,4.15,4.1
Brooklyn,Prospect Park,6,3,29.03,12.54,4.477
Brooklyn,Prospect Park,7,4,18.32,13.5,5.877
Brooklyn,Prospect Park,8,8,23.23,11.94,5.893
Brooklyn,Prospect Park,9,7,34.0,6.17,3.744
Brooklyn,Prospect Park,10,3,15.23,8.42,3.993
Brooklyn,Prospect Park,11,2,42.98,14.29,10.425
Brooklyn,Prospect Park,12,2,17.95,8.85,2.74
Brooklyn,Prospect Park,13,4,18.83,8.05,2.182
Brooklyn,Prospect Park,14,4,40.86,9.0,7.0
Brooklyn,Prospect Park,15,3,21.73,10.69,4.887
Brooklyn,Prospect Park,16,4,22.39,11.34,4.555
Brooklyn,Prospect Park,17,6,17.83,8.23,2.385
Brooklyn,Prospect Park,18,5,25.0,10.21,4.906
Brooklyn,Prospect Park,19,5,11.2,9.0,2.186
Brooklyn,Prospect Park,20,3,22.15,12.88,5.53
Brooklyn,Prospect Park,21,3,8.78,12.36,2.583
Brooklyn,Prospect Park,22,1,20.38,11.92,4.05
Brooklyn,Prospect Park,23,1,11.17,13.06,2.43
Brooklyn,Prospect-Lefferts Gardens,0,21,10.63,12.2,3.856
Brooklyn,Prospect-Lefferts Gardens,1,4,13.47,12.19,2.67
Brooklyn,Prospect-Lefferts Gardens,2,16,18.04,13.17,4.976
Brooklyn,Prospect-Lefferts Gardens,3,8,30.43,17.17,8.185
Brooklyn,Prospect-Lefferts Gardens,4,31,14.88,14.59,5.083
Brooklyn,Prospect-Lefferts Gardens,5,87,24.77,13.94,7.364
Brooklyn,Prospect-Lefferts Gardens,6,153,31.0,12.14,6.604
Brooklyn,Prospect-Lefferts Gardens,7,146,30.23,9.74,5.447
Brooklyn,Prospect-Lefferts Gardens,8,175,27.75,8.19,4.215
Brooklyn,Prospect-Lefferts Gardens,9,153,26.62,7.92,4.699
Brooklyn,Prospect-Lefferts Gardens,10,94,31.48,7.86,5.274
Brooklyn,Prospect-Lefferts Gardens,11,90,27.13,7.84,4.141
Brooklyn,Prospect-Lefferts Gardens,12,113,28.22,7.87,4.829
Brooklyn,Prospect-Lefferts Gardens,13,90,29.84,7.95,4.499
Brooklyn,Prospect-Lefferts Gardens,14,113,26.18,8.1,4.426
Brooklyn,Prospect-Lefferts Gardens,15,106,26.06,7.64,4.34
Brooklyn,Prospect-Lefferts Gardens,16,78,29.2,7.37,4.848
Brooklyn,Prospect-Lefferts Gardens,17,52,29.08,8.71,4.834
Brooklyn,Prospect-Lefferts Gardens,18,65,20.0,9.02,3.867
Brooklyn,Prospect-Lefferts Gardens,19,52,21.73,9.54,4.295
Brooklyn,Prospect-Lefferts Gardens,20,49,20.57,11.05,5.217
Brooklyn,Prospect-Lefferts Gardens,21,21,16.03,10.92,4.473
Brooklyn,Prospect-Lefferts Gardens,22,32,18.09,12.4,4.926
Brooklyn,Prospect-Lefferts Gardens,23,42,19.18,11.33,4.754
Brooklyn,Red Hook,0,17,16.1,19.4,6.427
Brooklyn,Red Hook,1,7,21.93,19.18,6.817
Brooklyn,Red Hook,2,4,19.39,33.44,10.183
Brooklyn,Red Hook,3,2,14.75,15.21,3.72
Brooklyn,Red Hook,4,10,21.74,25.05,7.957
Brooklyn,Red Hook,5,6,31.45,17.06,9.508
Brooklyn,Red Hook,6,23,27.57,10.82,6.688
Brooklyn,Red Hook,7,67,24.0,19.19,9.191
Brooklyn,Red Hook,8,70,30.38,19.02,10.847
Brooklyn,Red Hook,9,109,34.32,17.42,11.711
Brooklyn,Red Hook,10,81,37.0,19.49,12.462
Brooklyn,Red Hook,11,19,36.5,12.54,7.937
Brooklyn,Red Hook,12,16,24.58,11.3,7.094
Brooklyn,Red Hook,13,17,28.0,14.04,8.506
Brooklyn,Red Hook,14,27,26.57,12.83,7.071
Brooklyn,Red Hook,15,16,30.38,13.72,6.531
Brooklyn,Red Hook,16,27,29.4,11.7,6.68
Brooklyn,Red Hook,17,11,22.0,12.63,5.1
Brooklyn,Red Hook,18,27,27.23,12.66,6.449
Brooklyn,Red Hook,19,22,23.38,15.54,7.605
Brooklyn,Red Hook,20,14,25.38,19.44,7.936
Brooklyn,Red Hook,21,11,27.87,18.06,7.75
Brooklyn,Red Hook,22,14,21.22,14.31,6.752
Brooklyn,Red Hook,23,18,15.57,15.1,3.998
Brooklyn,Sheepshead Bay,0,7,16.55,14.34,6.42
Brooklyn,Sheepshead Bay,1,6,18.33,14.31,4.438
Brooklyn,Sheepshead Bay,2,2,15.51,15.03,4.01
Brooklyn,Sheepshead Bay,3,5,10.8,16.89,4.374
Brooklyn,Sheepshead Bay,4,3,11.38,11.9,7.087
Brooklyn,Sheepshead Bay,5,8,54.43,12.38,10.82
Brooklyn,Sheepshead Bay,6,25,54.92,13.41,12.961
Brooklyn,Sheepshead Bay,7,43,22.58,9.87,6.285
Brooklyn,Sheepshead Bay,8,38,25.09,10.24,6.867
Brooklyn,Sheepshead Bay,9,33,38.9,7.59,6.712
Brooklyn,Sheepshead Bay,10,36,24.13,9.26,6.156
Brooklyn,Sheepshead Bay,11,43,42.1,10.85,9.116
Brooklyn,Sheepshead Bay,12,32,31.55,13.65,10.812
Brooklyn,Sheepshead Bay,13,19,38.17,10.62,8.996
Brooklyn,Sheepshead Bay,14,24,30.15,9.63,8.313
Brooklyn,Sheepshead Bay,15,15,28.17,7.51,5.579
Brooklyn,Sheepshead Bay,16,15,40.07,11.08,8.531
Brooklyn,Sheepshead Bay,17,5,31.32,7.75,5.048
Brooklyn,Sheepshead Bay,18,10,32.92,9.67,5.67
Brooklyn,Sheepshead Bay,19,3,22.03,8.85,3.73
Brooklyn,Sheepshead Bay,20,6,16.58,16.61,9.963
Brooklyn,Sheepshead Bay,21,5,14.35,16.86,4.976
Brooklyn,Sheepshead Bay,22,20,13.18,13.83,4.99
Brooklyn,Sheepshead Bay,23,11,15.67,20.71,5.587
Brooklyn,South Williamsburg,0,14,21.08,15.21,7.981
Brooklyn,South Williamsburg,1,7,13.53,11.46,5.179
Brooklyn,South Williamsburg,2,5,21.07,19.25,5.122
Brooklyn,South Williamsburg,3,6,21.83,16.8,5.5
Brooklyn,South Williamsburg,4,3,9.92,9.92,2.78
Brooklyn,South Williamsburg,5,4,20.45,11.16,3.625
Brooklyn,South Williamsburg,6,12,26.44,16.71,5.688
Brooklyn,South Williamsburg,7,13,23.87,10.55,5.46
Brooklyn,South Williamsburg,8,21,22.25,6.2,4.233
Brooklyn,South Williamsburg,9,19,24.68,7.55,3.511
Brooklyn,South Williamsburg,10,14,28.29,8.23,5.175
Brooklyn,South Williamsburg,11,9,27.48,8.78,4.146
Brooklyn,South Williamsburg,12,13,25.48,7.82,5.511
Brooklyn,South Williamsburg,13,20,24.32,8.22,5.044
Brooklyn,South Williamsburg,14,22,29.16,10.96,5.878
Brooklyn,South Williamsburg,15,23,24.77,7.67,4.162
Brooklyn,South Williamsburg,16,13,27.17,10.15,5.236
Brooklyn,South Williamsburg,17,9,30.55,9.25,6.612
Brooklyn,South Williamsburg,18,20,22.37,9.79,5.441
Brooklyn,South Williamsburg,19,15,15.0,9.56,4.89
Brooklyn,South Williamsburg,20,8,18.09,13.37,4.165
Brooklyn,South Williamsburg,21,9,16.48,12.62,5.002
Brooklyn,South Williamsburg,22,14,12.23,9.59,4.024
Brooklyn,South Williamsburg,23,10,14.52,10.56,3.636
Brooklyn,Starrett City,0,6,19.87,20.4,7.172
Brooklyn,Starrett City,1,1,38.62,13.7,8.82
Brooklyn,Starrett City,2,1,16.93,13.61,3.84
Brooklyn,Starrett City,3,1,27.78,9.29,4.3
Brooklyn,Starrett City,4,10,38.39,13.28,9.057
Brooklyn,Starrett City,5,18,46.18,11.86,9.782
Brooklyn,Starrett City,6,19,36.98,11.69,8.006
Brooklyn,Starrett City,7,34,40.91,7.93,7.036
Brooklyn,Starrett City,8,70,34.55,8.2,6.319
Brooklyn,Starrett City,9,58,28.56,9.09,6.232
Brooklyn,Starrett City,10,55,41.85,9.09,7.819
Brooklyn,Starrett City,11,38,34.08,8.41,6.673
Brooklyn,Starrett City,12,44,35.13,8.63,6.995
Brooklyn,Starrett City,13,43,40.78,9.18,7.552
Brooklyn,Starrett City,14,18,47.87,10.49,7.246
Brooklyn,Starrett City,15,15,31.25,8.91,6.869
Brooklyn,Starrett City,16,13,21.67,10.23,5.457
Brooklyn,Starrett City,17,15,19.5,9.64,5.944
Brooklyn,Starrett City,18,11,27.67,8.8,5.87
Brooklyn,Starrett City,19,3,33.77,12.65,9.09
Brooklyn,Starrett City,20,6,46.23,13.95,11.703
Brooklyn,Starrett City,21,10,24.01,11.67,6.443
Brooklyn,Starrett City,22,5,34.05,29.07,16.216
Brooklyn,Starrett City,23,12,15.03,24.22,5.831
Brooklyn,Stuyvesant Heights,0,20,21.67,11.57,5.349
Brooklyn,Stuyvesant Heights,1,19,20.08,11.47,4.302
Brooklyn,Stuyvesant Heights,2,20,14.99,10.94,2.979
Brooklyn,Stuyvesant Heights,3,13,27.88,14.54,6.827
Brooklyn,Stuyvesant Heights,4,27,16.78,15.74,4.889
Brooklyn,Stuyvesant Heights,5,43,24.45,12.78,5.703
Brooklyn,Stuyvesant Heights,6,82,31.13,11.65,6.534
Brooklyn,Stuyvesant Heights,7,119,31.42,8.89,5.352
Brooklyn,Stuyvesant Heights,8,159,34.42,7.54,5.426
Brooklyn,Stuyvesant Heights,9,126,32.29,7.71,4.707
Brooklyn,Stuyvesant Heights,10,86,28.13,8.1,4.904
Brooklyn,Stuyvesant Heights,11,79,32.1,8.0,5.622
Brooklyn,Stuyvesant Heights,12,70,33.13,8.4,5.419
Brooklyn,Stuyvesant Heights,13,55,38.95,8.23,6.601
Brooklyn,Stuyvesant Heights,14,60,30.49,8.44,5.492
Brooklyn,Stuyvesant Heights,15,68,24.97,6.94,3.836
Brooklyn,Stuyvesant Heights,16,36,31.45,7.86,4.554
Brooklyn,Stuyvesant Heights,17,37,23.85,8.52,4.454
Brooklyn,Stuyvesant Heights,18,41,28.33,9.62,5.244
Brooklyn,Stuyvesant Heights,19,33,17.45,9.26,3.948
Brooklyn,Stuyvesant Heights,20,35,23.83,10.27,6.256
Brooklyn,Stuyvesant Heights,21,22,18.24,10.2,5.354
Brooklyn,Stuyvesant Heights,22,32,22.45,11.12,4.945
Brooklyn,Stuyvesant Heights,23,35,14.2,10.62,4.222
Brooklyn,Sunset Park East,0,4,24.8,14.73,6.763
Brooklyn,Sunset Park East,1,9,17.17,14.47,6.799
Brooklyn,Sunset Park East,2,7,23.37,15.67,6.484
Brooklyn,Sunset Park East,3,4,19.27,19.32,6.02
Brooklyn,Sunset Park East,4,4,7.03,15.61,2.47
Brooklyn,Sunset Park East,5,21,20.62,15.19,6.41
Brooklyn,Sunset Park East,6,14,34.94,15.07,9.079
Brooklyn,Sunset Park East,7,19,29.58,9.57,5.319
Brooklyn,Sunset Park East,8,30,22.84,8.04,4.695
Brooklyn,Sunset Park East,9,10,22.76,8.79,3.506
Brooklyn,Sunset Park East,10,9,42.77,8.73,6.439
Brooklyn,Sunset Park East,11,12,29.63,7.84,9.198
Brooklyn,Sunset Park East,12,22,40.78,9.63,8.895
Brooklyn,Sunset Park East,13,12,48.21,5.77,5.897
Brooklyn,Sunset Park East,14,18,31.85,6.97,5.282
Brooklyn,Sunset Park East,15,14,40.98,7.6,6.629
Brooklyn,Sunset Park East,16,11,31.67,11.47,6.375
Brooklyn,Sunset Park East,17,8,24.39,12.04,5.933
Brooklyn,Sunset Park East,18,6,41.04,8.78,6.687
Brooklyn,Sunset Park East,19,11,16.0,9.64,4.802
Brooklyn,Sunset Park East,20,5,26.98,8.93,5.91
Brooklyn,Sunset Park East,21,7,13.53,9.66,2.703
Brooklyn,Sunset Park East,22,1,6.0,7.1,0.71
Brooklyn,Sunset Park East,23,6,20.53,12.03,6.995
Brooklyn,Sunset Park West,0,29,22.05,16.08,7.599
Brooklyn,Sunset Park West,1,18,9.62,14.42,4.291
Brooklyn,Sunset Park West,2,14,15.89,13.16,4.916
Brooklyn,Sunset Park West,3,7,16.55,23.49,10.369
Brooklyn,Sunset Park West,4,16,12.77,15.7,4.782
Brooklyn,Sunset Park West,5,19,23.27,14.28,6.886
Brooklyn,Sunset Park West,6,35,25.37,19.88,8.371
Brooklyn,Sunset Park West,7,64,25.69,11.15,6.206
Brooklyn,Sunset Park West,8,49,23.28,9.23,4.42
Brooklyn,Sunset Park West,9,22,27.04,12.29,6.322
Brooklyn,Sunset Park West,10,26,23.33,8.63,4.533
Brooklyn,Sunset Park West,11,28,34.57,10.23,6.791
Brooklyn,Sunset Park West,12,36,25.75,11.58,6.774
Brooklyn,Sunset Park West,13,34,27.95,9.96,7.489
Brooklyn,Sunset Park West,14,32,31.79,7.6,5.903
Brooklyn,Sunset Park West,15,33,32.57,9.79,6.967
Brooklyn,Sunset Park West,16,33,37.68,10.07,8.647
Brooklyn,Sunset Park West,17,44,29.79,11.1,6.33
Brooklyn,Sunset Park West,18,30,26.41,11.95,6.42
Brooklyn,Sunset Park West,19,36,25.65,11.39,6.818
Brooklyn,Sunset Park West,20,31,21.03,15.38,6.565
Brooklyn,Sunset Park West,21,33,21.83,14.81,6.725
Brooklyn,Sunset Park West,22,29,22.0,19.08,8.093
Brooklyn,Sunset Park West,23,27,21.78,23.34,7.941
Brooklyn,Williamsburg (North Side),0,362,18.06,13.7,4.645
Brooklyn,Williamsburg (North Side),1,319,17.98,14.12,4.816
Brooklyn,Williamsburg (North Side),2,271,17.0,14.46,4.74
Brooklyn,Williamsburg (North Side),3,205,15.77,14.38,4.218
Brooklyn,Williamsburg (North Side),4,103,17.0,14.98,5.19
Brooklyn,Williamsburg (North Side),5,17,18.03,18.32,7.306
Brooklyn,Williamsburg (North Side),6,14,16.53,16.13,4.905
Brooklyn,Williamsburg (North Side),7,29,21.75,10.94,4.262
Brooklyn,Williamsburg (North Side),8,62,26.64,9.69,5.045
Brooklyn,Williamsburg (North Side),9,28,27.96,9.23,4.779
Brooklyn,Williamsburg (North Side),10,9,32.85,10.71,5.189
Brooklyn,Williamsburg (North Side),11,13,17.45,9.41,5.196
Brooklyn,Williamsburg (North Side),12,16,28.23,10.51,6.28
Brooklyn,Williamsburg (North Side),13,26,22.23,11.74,5.627
Brooklyn,Williamsburg (North Side),14,58,23.46,9.78,4.793
Brooklyn,Williamsburg (North Side),15,71,24.0,9.16,3.999
Brooklyn,Williamsburg (North Side),16,52,26.15,9.4,4.483
Brooklyn,Williamsburg (North Side),17,51,17.45,9.57,3.583
Brooklyn,Williamsburg (North Side),18,86,20.61,10.05,3.557
Brooklyn,Williamsburg (North Side),19,71,17.45,10.67,3.653
Brooklyn,Williamsburg (North Side),20,85,15.17,11.14,3.511
Brooklyn,Williamsburg (North Side),21,114,17.06,11.71,3.768
Brooklyn,Williamsburg (North Side),22,220,17.63,12.43,4.232
Brooklyn,Williamsburg (North Side),23,343,19.4,13.17,4.759
Brooklyn,Williamsburg (South Side),0,179,17.95,13.81,4.893
Brooklyn,Williamsburg (South Side),1,162,17.8,13.92,4.75
Brooklyn,Williamsburg (South Side),2,115,16.77,13.7,5.071
Brooklyn,Williamsburg (South Side),3,113,15.77,14.32,4.577
Brooklyn,Williamsburg (South Side),4,76,14.94,17.27,5.05
Brooklyn,Williamsburg (South Side),5,30,16.76,12.9,4.696
Brooklyn,Williamsburg (South Side),6,29,22.33,13.01,6.228
Brooklyn,Williamsburg (South Side),7,59,20.1,12.39,4.654
Brooklyn,Williamsburg (South Side),8,84,26.34,9.54,4.875
Brooklyn,Williamsburg (South Side),9,69,24.32,9.56,4.908
Brooklyn,Williamsburg (South Side),10,25,21.67,11.38,5.743
Brooklyn,Williamsburg (South Side),11,27,16.0,10.65,3.683
Brooklyn,Williamsburg (South Side),12,20,16.74,11.39,5.124
Brooklyn,Williamsburg (South Side),13,34,17.81,10.43,4.28
Brooklyn,Williamsburg (South Side),14,62,18.52,11.74,4.553
Brooklyn,Williamsburg (South Side),15,51,21.0,9.92,4.311
Brooklyn,Williamsburg (South Side),16,50,22.27,10.61,4.806
Brooklyn,Williamsburg (South Side),17,63,23.0,10.16,4.073
Brooklyn,Williamsburg (South Side),18,93,20.8,9.96,4.161
Brooklyn,Williamsburg (South Side),19,87,17.5,10.02,3.526
Brooklyn,Williamsburg (South Side),20,65,14.92,11.05,3.56
Brooklyn,Williamsburg (South Side),21,79,18.42,12.26,4.279
Brooklyn,Williamsburg (South Side),22,150,17.73,13.59,4.803
Brooklyn,Williamsburg (South Side),23,189,17.57,13.22,4.544
Brooklyn,Windsor Terrace,0,5,19.7,18.49,7.732
Brooklyn,Windsor Terrace,1,5,10.8,19.17,3.326
Brooklyn,Windsor Terrace,2,2,8.6,11.75,1.585
Brooklyn,Windsor Terrace,3,2,18.19,14.34,4.06
Brooklyn,Windsor Terrace,4,3,36.95,17.31,14.35
Brooklyn,Windsor Terrace,5,11,31.08,28.47,13.475
Brooklyn,Windsor Terrace,6,8,20.91,11.06,4.445
Brooklyn,Windsor Terrace,7,39,24.42,16.29,7.746
Brooklyn,Windsor Terrace,8,26,29.04,16.73,7.155
Brooklyn,Windsor Terrace,9,9,24.97,14.61,7.513
Brooklyn,Windsor Terrace,10,9,28.0,18.89,6.911
Brooklyn,Windsor Terrace,11,13,32.48,7.92,6.485
Brooklyn,Windsor Terrace,12,12,18.97,10.83,4.647
Brooklyn,Windsor Terrace,13,9,24.23,9.89,5.526
Brooklyn,Windsor Terrace,14,11,22.42,8.68,4.718
Brooklyn,Windsor Terrace,15,3,55.67,5.41,8.667
Brooklyn,Windsor Terrace,16,1,12.53,6.22,1.3
Brooklyn,Windsor Terrace,17,5,20.4,8.84,3.494
Brooklyn,Windsor Terrace,18,5,32.8,12.83,6.792
Brooklyn,Windsor Terrace,19,4,27.64,9.55,5.408
Brooklyn,Windsor Terrace,20,6,14.07,13.76,7.02
Brooklyn,Windsor Terrace,21,9,15.0,13.37,4.324
Brooklyn,Windsor Terrace,22,4,19.05,16.67,6.565
Brooklyn,Windsor Terrace,23,8,18.73,16.18,7.466
EWR,Newark Airport,7,1,2.02,4.46,0.15
EWR,Newark Airport,12,1,40.07,25.7,17.16
EWR,Newark Airport,13,1,8.77,27.38,4.0
EWR,Newark Airport,14,1,41.1,37.74,25.85
EWR,Newark Airport,15,4,25.2,27.82,10.143
EWR,Newark Airport,16,4,43.32,21.32,17.628
EWR,Newark Airport,17,1,30.27,32.13,16.21
EWR,Newark Airport,23,3,35.47,27.91,16.343
Manhattan,Alphabet City,0,691,12.02,10.47,2.659
Manhattan,Alphabet City,1,805,11.83,11.05,2.784
Manhattan,Alphabet City,2,663,11.05,11.08,2.453
Manhattan,Alphabet City,3,373,11.28,12.08,2.788
Manhattan,Alphabet City,4,152,11.31,13.14,3.51
Manhattan,Alphabet City,5,58,11.47,15.52,3.915
Manhattan,Alphabet City,6,140,13.42,12.5,3.788
Manhattan,Alphabet City,7,260,14.2,10.94,3.001
Manhattan,Alphabet City,8,325,15.22,9.43,3.161
Manhattan,Alphabet City,9,282,13.03,9.4,2.731
Manhattan,Alphabet City,10,128,11.73,9.36,2.868
Manhattan,Alphabet City,11,104,12.41,9.06,2.562
Manhattan,Alphabet City,12,106,12.99,8.64,3.116
Manhattan,Alphabet City,13,107,13.72,9.22,3.419
Manhattan,Alphabet City,14,131,13.32,8.95,3.03
Manhattan,Alphabet City,15,159,13.13,8.92,2.844
Manhattan,Alphabet City,16,115,12.88,8.67,3.041
Manhattan,Alphabet City,17,131,13.9,8.88,2.575
Manhattan,Alphabet City,18,252,13.29,8.61,2.282
Manhattan,Alphabet City,19,220,12.73,8.68,2.326
Manhattan,Alphabet City,20,179,13.05,8.97,2.615
Manhattan,Alphabet City,21,217,11.9,9.64,2.481
Manhattan,Alphabet City,22,381,12.25,10.24,2.862
Manhattan,Alphabet City,23,558,12.58,10.29,2.664
Manhattan,Battery Park,0,2,10.09,12.75,2.4
Manhattan,Battery Park,1,5,21.7,15.44,5.942
Manhattan,Battery Park,2,2,10.04,26.38,6.745
Manhattan,Battery Park,3,1,10.67,14.18,2.52
Manhattan,Battery Park,6,2,45.49,26.23,19.55
Manhattan,Battery Park,7,4,10.77,11.82,2.895
Manhattan,Battery Park,8,10,8.28,8.39,1.654
Manhattan,Battery Park,9,13,15.15,11.59,3.916
Manhattan,Battery Park,10,20,15.77,14.28,4.001
Manhattan,Battery Park,11,53,16.45,12.8,3.919
Manhattan,Battery Park,12,90,17.58,12.96,4.04
Manhattan,Battery Park,13,118,18.87,12.7,4.282
Manhattan,Battery Park,14,120,17.54,13.18,4.26
Manhattan,Battery Park,15,116,17.85,10.99,3.797
Manhattan,Battery Park,16,134,19.62,12.92,4.638
Manhattan,Battery Park,17,65,18.97,12.99,4.952
Manhattan,Battery Park,18,27,17.12,13.32,3.979
Manhattan,Battery Park,19,18,16.97,18.79,5.697
Manhattan,Battery Park,20,19,13.18,12.22,3.463
Manhattan,Battery Park,21,6,14.81,21.43,5.778
Manhattan,Battery Park,22,13,10.38,13.83,4.097
Manhattan,Battery Park,23,8,9.04,10.49,2.749
Manhattan,Battery Park City,0,136,13.5,15.09,4.193
Manhattan,Battery Park City,1,53,13.3,14.65,4.097
Manhattan,Battery Park City,2,28,15.88,15.87,5.135
Manhattan,Battery Park City,3,13,26.18,32.15,12.642
Manhattan,Battery Park City,4,31,21.65,37.5,13.54
Manhattan,Battery Park City,5,70,15.83,24.69,9.728
Manhattan,Battery Park City,6,234,17.26,18.14,6.99
Manhattan,Battery Park City,7,538,16.04,13.11,4.331
Manhattan,Battery Park City,8,901,14.47,12.37,4.012
Manhattan,Battery Park City,9,710,15.55,12.03,4.338
Manhattan,Battery Park City,10,720,14.02,12.59,4.179
Manhattan,Battery Park City,11,881,15.65,12.89,4.363
Manhattan,Battery Park City,12,1051,15.38,12.49,4.365
Manhattan,Battery Park City,13,1204,15.73,12.69,4.533
Manhattan,Battery Park City,14,1237,17.17,12.9,5.003
Manhattan,Battery Park City,15,1314,15.38,12.45,4.482
Manhattan,Battery Park City,16,1470,15.33,13.05,4.316
Manhattan,Battery Park City,17,2003,15.37,12.48,4.004
Manhattan,Battery Park City,18,1969,14.5,12.58,3.579
Manhattan,Battery Park City,19,1587,13.98,13.41,3.63
Manhattan,Battery Park City,20,1267,14.03,14.03,4.012
Manhattan,Battery Park City,21,1010,14.54,14.81,4.16
Manhattan,Battery Park City,22,530,13.7,14.67,3.974
Manhattan,Battery Park City,23,242,14.7,15.05,4.453
Manhattan,Bloomingdale,0,109,9.77,12.74,2.79
Manhattan,Bloomingdale,1,53,10.17,12.39,2.84
Manhattan,Bloomingdale,2,30,10.01,13.39,2.905
Manhattan,Bloomingdale,3,21,9.28,12.89,4.476
Manhattan,Bloomingdale,4,27,9.55,12.2,3.628
Manhattan,Bloomingdale,5,69,12.98,17.51,4.604
Manhattan,Bloomingdale,6,141,12.08,14.41,3.732
Manhattan,Bloomingdale,7,449,13.37,11.24,3.07
Manhattan,Bloomingdale,8,588,13.44,9.88,2.721
Manhattan,Bloomingdale,9,526,12.28,10.53,2.602
Manhattan,Bloomingdale,10,518,11.6,10.55,2.363
Manhattan,Bloomingdale,11,475,12.23,9.85,2.876
Manhattan,Bloomingdale,12,505,11.77,9.74,2.595
Manhattan,Bloomingdale,13,472,11.55,9.7,2.354
Manhattan,Bloomingdale,14,494,10.43,8.91,2.143
Manhattan,Bloomingdale,15,502,11.07,9.06,2.122
Manhattan,Bloomingdale,16,455,9.68,9.74,2.147
Manhattan,Bloomingdale,17,572,10.86,9.56,2.149
Manhattan,Bloomingdale,18,514,11.0,9.85,2.168
Manhattan,Bloomingdale,19,385,10.73,10.24,2.363
Manhattan,Bloomingdale,20,310,10.27,11.04,2.521
Manhattan,Bloomingdale,21,257,9.82,10.64,2.303
Manhattan,Bloomingdale,22,205,11.73,11.74,2.844
Manhattan,Bloomingdale,23,172,10.18,12.35,2.709
Manhattan,Central Harlem,0,195,11.12,12.65,3.372
Manhattan,Central Harlem,1,91,10.52,12.31,2.755
Manhattan,Central Harlem,2,60,12.17,13.0,3.184
Manhattan,Central Harlem,3,45,8.73,13.87,3.353
Manhattan,Central Harlem,4,74,15.38,16.99,4.749
Manhattan,Central Harlem,5,117,12.67,15.49,4.096
Manhattan,Central Harlem,6,297,15.3,13.57,4.064
Manhattan,Central Harlem,7,710,13.26,10.53,3.048
Manhattan,Central Harlem,8,764,12.26,9.14,2.797
Manhattan,Central Harlem,9,532,11.63,10.1,2.843
Manhattan,Central Harlem,10,368,11.33,10.12,2.877
Manhattan,Central Harlem,11,419,11.7,10.0,2.843
Manhattan,Central Harlem,12,465,12.9,9.68,2.836
Manhattan,Central Harlem,13,527,12.0,9.6,2.928
Manhattan,Central Harlem,14,537,13.75,9.7,3.38
Manhattan,Central Harlem,15,555,11.2,8.97,2.461
Manhattan,Central Harlem,16,479,11.18,8.84,2.641
Manhattan,Central Harlem,17,664,11.53,9.09,2.538
Manhattan,Central Harlem,18,639,11.68,9.59,2.637
Manhattan,Central Harlem,19,482,11.34,10.2,2.711
Manhattan,Central Harlem,20,410,10.83,11.0,2.979
Manhattan,Central Harlem,21,323,10.0,11.18,2.787
Manhattan,Central Harlem,22,319,10.45,12.1,2.965
Manhattan,Central Harlem,23,291,10.55,12.21,2.858
Manhattan,Central Harlem North,0,116,13.27,13.53,3.775
Manhattan,Central Harlem North,1,67,12.57,13.66,3.757
Manhattan,Central Harlem North,2,36,8.75,10.45,2.469
Manhattan,Central Harlem North,3,29,9.48,12.32,3.074
Manhattan,Central Harlem North,4,59,10.8,13.01,4.066
Manhattan,Central Harlem North,5,90,14.83,17.59,5.309
Manhattan,Central Harlem North,6,272,17.12,15.12,5.072
Manhattan,Central Harlem North,7,545,18.13,10.76,4.016
Manhattan,Central Harlem North,8,487,17.6,9.84,3.813
Manhattan,Central Harlem North,9,225,17.47,9.81,4.017
Manhattan,Central Harlem North,10,204,18.75,9.6,4.155
Manhattan,Central Harlem North,11,221,20.0,10.66,4.558
Manhattan,Central Harlem North,12,217,18.75,10.15,4.628
Manhattan,Central Harlem North,13,262,17.1,9.85,4.061
Manhattan,Central Harlem North,14,292,16.0,9.51,3.553
Manhattan,Central Harlem North,15,269,14.0,8.62,3.789
Manhattan,Central Harlem North,16,244,15.04,8.4,3.372
Manhattan,Central Harlem North,17,270,16.78,9.45,4.161
Manhattan,Central Harlem North,18,273,13.3,9.46,3.005
Manhattan,Central Harlem North,19,205,13.7,9.82,3.296
Manhattan,Central Harlem North,20,148,11.94,11.54,3.521
Manhattan,Central Harlem North,21,122,11.97,11.26,3.441
Manhattan,Central Harlem North,22,165,13.0,12.84,4.088
Manhattan,Central Harlem North,23,148,10.33,13.32,3.306
Manhattan,Central Park,0,279,8.63,12.14,2.345
Manhattan,Central Park,1,137,9.25,11.8,2.368
Manhattan,Central Park,2,45,8.48,12.48,2.175
Manhattan,Central Park,3,38,8.8,13.3,2.699
Manhattan,Central Park,4,36,15.8,17.05,6.621
Manhattan,Central Park,5,63,9.97,16.68,5.339
Manhattan,Central Park,6,249,8.55,13.9,3.041
Manhattan,Central Park,7,1092,9.52,11.02,2.358
Manhattan,Central Park,8,1512,10.54,9.22,2.181
Manhattan,Central Park,9,1960,10.13,9.53,2.049
Manhattan,Central Park,10,2553,10.13,9.38,2.034
Manhattan,Central Park,11,2883,11.13,8.78,2.014
Manhattan,Central Park,12,3731,11.17,8.66,2.039
Manhattan,Central Park,13,3916,12.06,8.48,2.195
Manhattan,Central Park,14,3881,12.58,8.31,2.16
Manhattan,Central Park,15,4729,13.38,8.0,2.098
Manhattan,Central Park,16,4816,12.64,8.38,2.119
Manhattan,Central Park,17,4041,11.57,8.51,2.049
Manhattan,Central Park,18,3221,10.03,8.97,1.914
Manhattan,Central Park,19,2357,9.6,9.59,1.938
Manhattan,Central Park,20,1933,9.37,10.29,2.049
Manhattan,Central Park,21,1554,9.5,10.6,2.099
Manhattan,Central Park,22,1051,9.12,11.07,2.149
Manhattan,Central Park,23,448,8.98,12.15,2.208
Manhattan,Chinatown,0,275,12.77,12.19,3.602
Manhattan,Chinatown,1,174,13.02,11.77,3.327
Manhattan,Chinatown,2,100,11.04,12.89,3.734
Manhattan,Chinatown,3,49,11.27,13.37,3.793
Manhattan,Chinatown,4,27,10.12,13.98,3.717
Manhattan,Chinatown,5,14,16.58,13.33,6.931
Manhattan,Chinatown,6,43,18.0,11.92,5.5
Manhattan,Chinatown,7,68,15.33,10.79,3.8
Manhattan,Chinatown,8,93,14.93,9.34,3.725
Manhattan,Chinatown,9,135,13.18,8.88,2.706
Manhattan,Chinatown,10,169,14.42,9.13,3.263
Manhattan,Chinatown,11,196,16.42,8.84,3.821
Manhattan,Chinatown,12,255,15.55,8.95,3.49
Manhattan,Chinatown,13,270,16.36,9.37,3.539
Manhattan,Chinatown,14,360,18.56,8.95,3.959
Manhattan,Chinatown,15,392,16.91,9.24,3.826
Manhattan,Chinatown,16,359,17.8,9.2,3.838
Manhattan,Chinatown,17,301,17.22,9.14,3.632
Manhattan,Chinatown,18,343,14.4,8.93,2.995
Manhattan,Chinatown,19,356,13.41,9.68,3.015
Manhattan,Chinatown,20,404,13.78,10.74,3.302
Manhattan,Chinatown,21,376,13.24,10.64,3.211
Manhattan,Chinatown,22,334,13.13,10.73,3.35
Manhattan,Chinatown,23,320,12.68,11.21,3.201
Manhattan,Clinton East,0,3088,9.67,12.74,2.712
Manhattan,Clinton East,1,2161,9.72,13.46,2.839
Manhattan,Clinton East,2,1555,9.92,14.09,2.996
Manhattan,Clinton East,3,1187,9.13,14.9,3.113
Manhattan,Clinton East,4,974,10.73,15.05,3.739
Manhattan,Clinton East,5,1241,6.42,13.27,2.679
Manhattan,Clinton East,6,2211,6.97,11.26,1.968
Manhattan,Clinton East,7,2456,8.35,9.57,2.194
Manhattan,Clinton East,8,2830,9.48,9.0,2.144
Manhattan,Clinton East,9,2879,10.82,8.68,2.292
Manhattan,Clinton East,10,3039,10.73,8.83,2.21
Manhattan,Clinton East,11,2956,10.87,9.15,2.377
Manhattan,Clinton East,12,2868,10.65,9.06,2.543
Manhattan,Clinton East,13,2935,10.65,8.91,2.479
Manhattan,Clinton East,14,2967,10.75,8.82,2.458
Manhattan,Clinton East,15,3070,10.53,9.13,2.449
Manhattan,Clinton East,16,3583,10.45,9.0,2.172
Manhattan,Clinton East,17,4453,10.57,8.9,2.05
Manhattan,Clinton East,18,5218,10.35,9.01,1.988
Manhattan,Clinton East,19,4301,9.58,9.59,1.948
Manhattan,Clinton East,20,4468,9.87,10.58,2.183
Manhattan,Clinton East,21,6304,10.68,10.77,2.339
Manhattan,Clinton East,22,7091,10.9,11.14,2.499
Manhattan,Clinton East,23,4583,10.25,11.94,2.587
Manhattan,Clinton West,0,402,10.7,12.57,2.829
Manhattan,Clinton West,1,361,12.82,12.73,3.215
Manhattan,Clinton West,2,211,10.23,12.59,2.699
Manhattan,Clinton West,3,140,9.98,13.45,3.288
Manhattan,Clinton West,4,150,11.71,14.92,4.231
Manhattan,Clinton West,5,119,10.63,14.54,4.032
Manhattan,Clinton West,6,218,10.62,13.47,2.938
Manhattan,Clinton West,7,615,10.77,10.6,2.455
Manhattan,Clinton West,8,1136,11.5,9.75,2.367
Manhattan,Clinton West,9,979,12.25,9.35,2.316
Manhattan,Clinton West,10,872,10.89,9.74,2.183
Manhattan,Clinton West,11,865,10.28,10.1,2.251
Manhattan,Clinton West,12,856,9.8,10.33,2.097
Manhattan,Clinton West,13,897,10.25,10.07,2.184
Manhattan,Clinton West,14,898,10.27,10.17,2.311
Manhattan,Clinton West,15,797,10.52,10.23,2.203
Manhattan,Clinton West,16,879,10.18,10.33,2.113
Manhattan,Clinton West,17,1037,10.35,9.9,2.091
Manhattan,Clinton West,18,1092,10.17,10.26,1.972
Manhattan,Clinton West,19,912,9.55,10.82,2.054
Manhattan,Clinton West,20,791,10.27,11.91,2.428
Manhattan,Clinton West,21,819,10.42,12.31,2.514
Manhattan,Clinton West,22,905,10.58,12.22,2.697
Manhattan,Clinton West,23,641,11.23,12.98,2.917
Manhattan,East Chelsea,0,2212,11.83,11.56,2.771
Manhattan,East Chelsea,1,1394,11.23,11.78,2.745
Manhattan,East Chelsea,2,1135,10.5,12.06,2.609
Manhattan,East Chelsea,3,784,10.67,12.73,2.934
Manhattan,East Chelsea,4,529,10.73,13.84,3.721
Manhattan,East Chelsea,5,380,7.57,13.66,3.105
Manhattan,East Chelsea,6,744,8.63,12.26,2.665
Manhattan,East Chelsea,7,1145,10.62,9.62,2.471
Manhattan,East Chelsea,8,2426,12.17,8.37,2.245
Manhattan,East Chelsea,9,3224,13.87,7.65,2.258
Manhattan,East Chelsea,10,3524,14.6,7.78,2.295
Manhattan,East Chelsea,11,3982,13.87,8.16,2.337
Manhattan,East Chelsea,12,4112,13.98,7.99,2.4
Manhattan,East Chelsea,13,4895,14.07,8.34,2.478
Manhattan,East Chelsea,14,5020,13.77,8.45,2.498
Manhattan,East Chelsea,15,4939,13.17,8.56,2.439
Manhattan,East Chelsea,16,5213,12.77,8.72,2.347
Manhattan,East Chelsea,17,6715,12.78,8.52,2.217
Manhattan,East Chelsea,18,6992,12.47,8.69,2.132
Manhattan,East Chelsea,19,5968,12.11,9.23,2.261
Manhattan,East Chelsea,20,5537,11.9,9.98,2.417
Manhattan,East Chelsea,21,5813,12.75,10.2,2.584
Manhattan,East Chelsea,22,5124,12.63,10.51,2.618
Manhattan,East Chelsea,23,3288,11.82,11.07,2.685
Manhattan,East Harlem North,0,122,10.47,14.1,2.959
Manhattan,East Harlem North,1,81,8.73,15.29,3.032
Manhattan,East Harlem North,2,50,9.92,13.65,3.08
Manhattan,East Harlem North,3,33,9.33,14.33,2.99
Manhattan,East Harlem North,4,111,12.03,15.37,3.908
Manhattan,East Harlem North,5,175,11.08,18.16,3.598
Manhattan,East Harlem North,6,327,12.4,15.85,4.074
Manhattan,East Harlem North,7,615,13.52,10.71,3.275
Manhattan,East Harlem North,8,656,14.0,9.27,3.082
Manhattan,East Harlem North,9,424,13.61,10.01,2.94
Manhattan,East Harlem North,10,330,11.48,9.82,2.696
Manhattan,East Harlem North,11,356,12.41,10.7,3.209
Manhattan,East Harlem North,12,397,12.65,10.81,3.395
Manhattan,East Harlem North,13,398,13.39,10.21,3.359
Manhattan,East Harlem North,14,502,13.83,9.66,3.096
Manhattan,East Harlem North,15,514,14.29,9.53,3.102
Manhattan,East Harlem North,16,489,13.08,9.46,2.952
Manhattan,East Harlem North,17,480,13.45,10.04,2.844
Manhattan,East Harlem North,18,472,12.27,10.87,2.9
Manhattan,East Harlem North,19,307,10.7,11.08,2.556
Manhattan,East Harlem North,20,281,11.23,12.69,3.195
Manhattan,East Harlem North,21,205,11.45,14.35,3.228
Manhattan,East Harlem North,22,177,10.08,13.78,3.285
Manhattan,East Harlem North,23,216,11.57,14.53,3.454
Manhattan,East Harlem South,0,214,8.3,13.59,2.578
Manhattan,East Harlem South,1,123,8.7,14.82,3.237
Manhattan,East Harlem South,2,88,8.23,14.95,2.453
Manhattan,East Harlem South,3,68,10.0,16.82,3.814
Manhattan,East Harlem South,4,113,9.35,15.89,3.479
Manhattan,East Harlem South,5,340,9.1,17.65,3.62
Manhattan,East Harlem South,6,485,10.73,15.32,3.457
Manhattan,East Harlem South,7,1266,10.93,11.46,2.757
Manhattan,East Harlem South,8,1326,11.78,10.11,2.559
Manhattan,East Harlem South,9,1256,10.43,10.41,2.575
Manhattan,East Harlem South,10,1224,10.56,10.48,2.57
Manhattan,East Harlem South,11,1351,11.6,9.07,2.497
Manhattan,East Harlem South,12,1384,11.46,9.36,2.574
Manhattan,East Harlem South,13,1389,11.73,9.23,2.706
Manhattan,East Harlem South,14,1617,12.3,8.81,2.637
Manhattan,East Harlem South,15,1717,12.0,8.45,2.457
Manhattan,East Harlem South,16,1431,10.28,9.43,2.344
Manhattan,East Harlem South,17,1491,10.27,9.74,2.241
Manhattan,East Harlem South,18,1236,10.13,10.16,2.308
Manhattan,East Harlem South,19,1014,9.67,11.07,2.318
Manhattan,East Harlem South,20,644,9.44,12.2,2.67
Manhattan,East Harlem South,21,518,9.03,12.33,2.627
Manhattan,East Harlem South,22,417,9.18,12.83,2.778
Manhattan,East Harlem South,23,347,8.9,14.16,2.639
Manhattan,East Village,0,6526,10.48,10.85,2.395
Manhattan,East Village,1,6089,10.23,11.29,2.408
Manhattan,East Village,2,4450,10.07,11.88,2.508
Manhattan,East Village,3,2724,9.4,12.55,2.597
Manhattan,East Village,4,1161,9.63,13.55,2.968
Manhattan,East Village,5,383,9.53,14.72,3.47
Manhattan,East Village,6,779,11.07,13.26,3.076
Manhattan,East Village,7,1317,11.33,11.39,2.565
Manhattan,East Village,8,1986,12.3,9.72,2.367
Manhattan,East Village,9,1976,10.78,9.3,2.177
Manhattan,East Village,10,1609,10.33,9.21,2.096
Manhattan,East Village,11,1686,10.34,8.96,2.052
Manhattan,East Village,12,1897,10.6,8.84,2.14
Manhattan,East Village,13,2088,10.92,8.76,2.249
Manhattan,East Village,14,2382,11.06,8.7,2.181
Manhattan,East Village,15,2574,11.31,8.78,2.208
Manhattan,East Village,16,2365,10.52,8.89,2.063
Manhattan,East Village,17,2689,10.55,8.48,1.954
Manhattan,East Village,18,3740,10.43,8.47,1.902
Manhattan,East Village,19,4119,10.83,8.79,1.998
Manhattan,East Village,20,4378,11.03,9.44,2.213
Manhattan,East Village,21,5721,11.1,9.87,2.306
Manhattan,East Village,22,6404,11.12,10.05,2.36
Manhattan,East Village,23,6772,10.78,10.61,2.408
Manhattan,Financial District North,0,562,14.16,14.67,4.088
Manhattan,Financial District North,1,370,14.23,14.91,4.14
Manhattan,Financial District North,2,191,14.6,15.53,4.547
Manhattan,Financial District North,3,76,12.88,16.42,5.108
Manhattan,Financial District North,4,72,14.94,21.08,6.757
Manhattan,Financial District North,5,63,17.13,24.03,8.542
Manhattan,Financial District North,6,199,15.25,17.44,5.151
Manhattan,Financial District North,7,319,15.53,15.41,4.987
Manhattan,Financial District North,8,541,15.52,11.85,4.193
Manhattan,Financial District North,9,511,15.27,12.43,4.035
Manhattan,Financial District North,10,472,14.97,12.43,4.374
Manhattan,Financial District North,11,557,15.88,12.27,4.274
Manhattan,Financial District North,12,714,15.73,12.85,4.337
Manhattan,Financial District North,13,774,15.81,11.9,4.656
Manhattan,Financial District North,14,687,15.93,12.16,4.721
Manhattan,Financial District North,15,836,16.73,12.11,4.893
Manhattan,Financial District North,16,908,16.1,11.92,4.371
Manhattan,Financial District North,17,1291,15.97,11.45,3.953
Manhattan,Financial District North,18,1418,14.76,11.79,3.62
Manhattan,Financial District North,19,1202,13.73,11.75,3.385
Manhattan,Financial District North,20,1133,14.1,13.04,3.72
Manhattan,Financial District North,21,997,14.42,14.49,4.069
Manhattan,Financial District North,22,1028,14.48,14.48,4.253
Manhattan,Financial District North,23,799,14.48,14.19,4.139
Manhattan,Financial District South,0,339,13.95,15.3,4.477
Manhattan,Financial District South,1,232,13.51,16.24,4.187
Manhattan,Financial District South,2,97,14.63,20.16,5.048
Manhattan,Financial District South,3,42,14.84,15.59,4.82
Manhattan,Financial District South,4,26,14.73,22.13,6.92
Manhattan,Financial District South,5,17,17.37,23.71,8.593
Manhattan,Financial District South,6,40,16.35,17.02,5.469
Manhattan,Financial District South,7,71,17.0,17.4,5.935
Manhattan,Financial District South,8,120,15.69,10.89,3.939
Manhattan,Financial District South,9,146,13.47,12.55,3.979
Manhattan,Financial District South,10,219,17.32,13.37,4.855
Manhattan,Financial District South,11,282,18.01,13.72,4.8
Manhattan,Financial District South,12,397,18.27,13.11,4.703
Manhattan,Financial District South,13,469,17.35,13.32,4.716
Manhattan,Financial District South,14,550,18.33,13.27,5.26
Manhattan,Financial District South,15,592,17.85,12.56,4.77
Manhattan,Financial District South,16,720,17.41,13.23,4.743
Manhattan,Financial District South,17,841,18.13,12.6,4.448
Manhattan,Financial District South,18,707,16.18,13.48,4.212
Manhattan,Financial District South,19,655,14.82,14.19,4.076
Manhattan,Financial District South,20,595,15.37,15.05,4.639
Manhattan,Financial District South,21,562,14.93,15.07,4.414
Manhattan,Financial District South,22,456,14.86,15.71,4.425
Manhattan,Financial District South,23,391,14.4,17.47,4.664
Manhattan,Flatiron,0,1907,9.83,11.34,2.307
Manhattan,Flatiron,1,1337,9.73,11.97,2.418
Manhattan,Flatiron,2,981,9.63,12.48,2.536
Manhattan,Flatiron,3,587,10.28,13.93,2.834
Manhattan,Flatiron,4,440,9.47,14.67,3.535
Manhattan,Flatiron,5,264,7.32,15.41,3.947
Manhattan,Flatiron,6,522,7.56,13.8,3.157
Manhattan,Flatiron,7,1065,8.47,11.04,2.333
Manhattan,Flatiron,8,1874,9.4,9.0,1.902
Manhattan,Flatiron,9,2012,8.77,8.95,1.798
Manhattan,Flatiron,10,2093,9.33,8.73,1.899
Manhattan,Flatiron,11,2245,9.8,8.5,1.999
Manhattan,Flatiron,12,2296,9.68,8.4,1.904
Manhattan,Flatiron,13,2393,9.98,8.45,2.047
Manhattan,Flatiron,14,2503,9.65,8.3,2.022
Manhattan,Flatiron,15,2617,9.57,8.57,2.034
Manhattan,Flatiron,16,2543,9.53,8.56,1.864
Manhattan,Flatiron,17,3161,10.17,8.15,1.808
Manhattan,Flatiron,18,3669,10.02,8.25,1.73
Manhattan,Flatiron,19,3320,9.83,8.59,1.757
Manhattan,Flatiron,20,2874,10.48,9.19,1.957
Manhattan,Flatiron,21,3277,10.78,9.84,2.136
Manhattan,Flatiron,22,2991,11.0,10.14,2.26
Manhattan,Flatiron,23,2507,10.15,10.84,2.194
Manhattan,Garment District,0,1004,9.87,11.85,2.77
Manhattan,Garment District,1,645,10.07,12.85,2.85
Manhattan,Garment District,2,374,9.23,12.88,3.023
Manhattan,Garment District,3,303,10.62,13.17,3.418
Manhattan,Garment District,4,261,11.8,14.76,4.786
Manhattan,Garment District,5,955,5.58,12.36,1.957
Manhattan,Garment District,6,1732,6.95,10.54,1.828
Manhattan,Garment District,7,1831,8.7,8.17,1.885
Manhattan,Garment District,8,1808,10.01,7.64,2.052
Manhattan,Garment District,9,1881,10.6,7.6,2.274
Manhattan,Garment District,10,1933,12.43,7.57,2.412
Manhattan,Garment District,11,2218,12.35,7.38,2.375
Manhattan,Garment District,12,2342,12.48,7.31,2.403
Manhattan,Garment District,13,2478,12.58,7.25,2.472
Manhattan,Garment District,14,2634,12.47,7.44,2.57
Manhattan,Garment District,15,2543,12.12,7.57,2.59
Manhattan,Garment District,16,2941,11.85,7.49,2.346
Manhattan,Garment District,17,3506,12.3,7.26,2.105
Manhattan,Garment District,18,3553,11.95,7.37,1.958
Manhattan,Garment District,19,2717,11.63,8.24,2.104
Manhattan,Garment District,20,2543,11.38,8.97,2.214
Manhattan,Garment District,21,2764,11.32,9.22,2.277
Manhattan,Garment District,22,2619,11.47,9.32,2.374
Manhattan,Garment District,23,1441,10.27,10.16,2.379
Manhattan,Gramercy,0,2404,9.07,11.2,2.179
Manhattan,Gramercy,1,1697,9.15,11.73,2.235
Manhattan,Gramercy,2,1077,8.82,12.74,2.355
Manhattan,Gramercy,3,586,7.81,13.5,2.515
Manhattan,Gramercy,4,424,8.61,14.36,3.0
Manhattan,Gramercy,5,420,8.33,16.89,3.699
Manhattan,Gramercy,6,1078,8.42,13.7,2.63
Manhattan,Gramercy,7,2081,9.22,11.0,2.265
Manhattan,Gramercy,8,3033,10.3,8.98,1.996
Manhattan,Gramercy,9,3060,9.82,8.71,1.9
Manhattan,Gramercy,10,2613,9.95,8.47,1.967
Manhattan,Gramercy,11,2749,10.25,8.28,2.008
Manhattan,Gramercy,12,2940,10.38,8.15,2.008
Manhattan,Gramercy,13,2992,10.53,8.23,2.185
Manhattan,Gramercy,14,3177,10.77,8.23,2.227
Manhattan,Gramercy,15,3241,10.67,8.33,2.122
Manhattan,Gramercy,16,3303,10.2,8.42,2.069
Manhattan,Gramercy,17,3813,10.78,8.05,1.88
Manhattan,Gramercy,18,4497,10.7,8.21,1.836
Manhattan,Gramercy,19,4146,10.57,8.56,1.846
Manhattan,Gramercy,20,3900,10.2,9.43,2.027
Manhattan,Gramercy,21,3901,10.17,9.94,2.078
Manhattan,Gramercy,22,3664,9.94,10.27,2.128
Manhattan,Gramercy,23,3275,9.65,10.6,2.167
Manhattan,Greenwich Village North,0,1600,9.78,11.1,2.314
Manhattan,Greenwich Village North,1,1154,8.87,11.4,2.225
Manhattan,Greenwich Village North,2,927,8.45,11.55,2.274
Manhattan,Greenwich Village North,3,475,8.77,12.08,2.464
Manhattan,Greenwich Village North,4,229,8.3,12.83,2.926
Manhattan,Greenwich Village North,5,151,8.52,14.46,3.405
Manhattan,Greenwich Village North,6,391,9.22,13.0,2.593
Manhattan,Greenwich Village North,7,945,10.15,10.91,2.309
Manhattan,Greenwich Village North,8,1825,11.07,8.92,2.031
Manhattan,Greenwich Village North,9,1749,10.52,8.57,1.971
Manhattan,Greenwich Village North,10,1749,10.0,8.2,1.793
Manhattan,Greenwich Village North,11,1927,10.03,8.16,1.855
Manhattan,Greenwich Village North,12,2108,9.79,8.1,1.813
Manhattan,Greenwich Village North,13,2258,10.19,8.08,1.86
Manhattan,Greenwich Village North,14,2491,10.6,8.16,1.998
Manhattan,Greenwich Village North,15,2754,10.21,8.16,1.819
Manhattan,Greenwich Village North,16,2678,9.88,8.38,1.823
Manhattan,Greenwich Village North,17,2960,10.27,8.05,1.781
Manhattan,Greenwich Village North,18,3385,9.97,8.06,1.738
Manhattan,Greenwich Village North,19,3106,10.05,8.46,1.844
Manhattan,Greenwich Village North,20,2899,10.48,9.07,2.071
Manhattan,Greenwich Village North,21,3199,10.23,9.73,2.133
Manhattan,Greenwich Village North,22,2935,10.17,10.04,2.173
Manhattan,Greenwich Village North,23,2346,10.07,10.58,2.306
Manhattan,Greenwich Village South,0,4750,10.16,10.76,2.318
Manhattan,Greenwich Village South,1,4122,10.0,11.14,2.375
Manhattan,Greenwich Village South,2,3009,9.72,11.83,2.463
Manhattan,Greenwich Village South,3,1446,9.39,12.47,2.631
Manhattan,Greenwich Village South,4,373,8.92,13.54,3.107
Manhattan,Greenwich Village South,5,94,10.53,15.41,4.078
Manhattan,Greenwich Village South,6,180,10.67,13.36,2.822
Manhattan,Greenwich Village South,7,391,11.38,11.27,2.793
Manhattan,Greenwich Village South,8,708,10.68,9.29,2.238
Manhattan,Greenwich Village South,9,629,10.97,8.9,2.168
Manhattan,Greenwich Village South,10,721,9.85,8.62,1.907
Manhattan,Greenwich Village South,11,866,10.64,8.75,2.096
Manhattan,Greenwich Village South,12,1115,10.48,8.42,1.888
Manhattan,Greenwich Village South,13,1313,10.95,8.65,2.091
Manhattan,Greenwich Village South,14,1509,11.25,8.5,2.088
Manhattan,Greenwich Village South,15,1798,11.28,8.63,2.113
Manhattan,Greenwich Village South,16,1795,10.5,8.75,1.958
Manhattan,Greenwich Village South,17,2033,10.65,8.34,1.897
Manhattan,Greenwich Village South,18,2611,10.45,8.48,1.866
Manhattan,Greenwich Village South,19,2693,10.5,8.63,1.899
Manhattan,Greenwich Village South,20,3126,11.33,9.12,2.168
Manhattan,Greenwich Village South,21,4436,11.48,9.74,2.304
Manhattan,Greenwich Village South,22,4987,11.2,9.97,2.331
Manhattan,Greenwich Village South,23,5341,10.65,10.4,2.312
Manhattan,Hamilton Heights,0,79,9.72,11.17,2.616
Manhattan,Hamilton Heights,1,43,12.73,12.92,3.69
Manhattan,Hamilton Heights,2,30,11.57,12.34,2.471
Manhattan,Hamilton Heights,3,16,9.68,13.39,3.106
Manhattan,Hamilton Heights,4,40,14.63,14.68,4.634
Manhattan,Hamilton Heights,5,43,16.12,19.54,6.198
Manhattan,Hamilton Heights,6,149,17.73,16.14,5.303
Manhattan,Hamilton Heights,7,376,16.96,14.22,4.631
Manhattan,Hamilton Heights,8,379,18.47,11.76,4.347
Manhattan,Hamilton Heights,9,157,15.33,11.1,3.848
Manhattan,Hamilton Heights,10,128,17.91,11.98,4.408
Manhattan,Hamilton Heights,11,105,16.55,11.01,3.958
Manhattan,Hamilton Heights,12,124,17.1,12.21,4.711
Manhattan,Hamilton Heights,13,138,16.11,10.76,4.194
Manhattan,Hamilton Heights,14,121,14.47,10.46,4.079
Manhattan,Hamilton Heights,15,112,16.82,10.09,4.39
Manhattan,Hamilton Heights,16,99,15.05,9.56,3.446
Manhattan,Hamilton Heights,17,136,17.0,9.53,3.343
Manhattan,Hamilton Heights,18,180,14.54,10.46,3.454
Manhattan,Hamilton Heights,19,143,12.65,10.13,3.05
Manhattan,Hamilton Heights,20,110,12.84,12.49,3.675
Manhattan,Hamilton Heights,21,68,11.0,11.63,3.668
Manhattan,Hamilton Heights,22,132,12.27,12.34,3.784
Manhattan,Hamilton Heights,23,136,13.38,13.21,3.649
Manhattan,Highbridge Park,3,1,6.42,41.42,4.43
Manhattan,Highbridge Park,7,2,15.96,11.55,3.21
Manhattan,Highbridge Park,8,2,9.94,32.54,6.525
Manhattan,Highbridge Park,10,1,5.0,20.52,1.71
Manhattan,Highbridge Park,12,2,8.78,17.25,3.075
Manhattan,Highbridge Park,14,1,15.4,12.86,3.3
Manhattan,Highbridge Park,17,3,38.12,10.99,7.137
Manhattan,Highbridge Park,18,1,20.27,32.6,11.01
Manhattan,Hudson Sq,0,570,10.6,11.01,2.534
Manhattan,Hudson Sq,1,494,10.3,11.0,2.391
Manhattan,Hudson Sq,2,354,9.51,12.14,2.725
Manhattan,Hudson Sq,3,307,9.07,12.05,2.433
Manhattan,Hudson Sq,4,172,10.28,13.4,3.356
Manhattan,Hudson Sq,5,72,9.07,16.12,4.483
Manhattan,Hudson Sq,6,130,10.86,15.57,4.101
Manhattan,Hudson Sq,7,422,11.25,11.54,2.841
Manhattan,Hudson Sq,8,674,12.31,9.93,2.508
Manhattan,Hudson Sq,9,571,11.5,9.25,2.511
Manhattan,Hudson Sq,10,540,11.06,8.96,2.357
Manhattan,Hudson Sq,11,589,10.08,9.46,2.419
Manhattan,Hudson Sq,12,708,11.91,8.95,2.523
Manhattan,Hudson Sq,13,739,11.82,9.2,2.743
Manhattan,Hudson Sq,14,737,11.22,9.22,2.584
Manhattan,Hudson Sq,15,852,11.5,9.2,2.368
Manhattan,Hudson Sq,16,894,11.22,9.4,2.427
Manhattan,Hudson Sq,17,1088,11.0,8.91,2.139
Manhattan,Hudson Sq,18,1163,10.88,8.96,2.117
Manhattan,Hudson Sq,19,980,10.33,9.3,2.114
Manhattan,Hudson Sq,20,956,11.43,9.85,2.356
Manhattan,Hudson Sq,21,920,11.26,10.32,2.539
Manhattan,Hudson Sq,22,998,11.6,11.04,2.699
Manhattan,Hudson Sq,23,696,11.11,10.67,2.581
Manhattan,Inwood,0,10,10.9,22.84,3.655
Manhattan,Inwood,1,7,10.67,16.29,3.4
Manhattan,Inwood,2,4,15.58,19.14,6.063
Manhattan,Inwood,3,9,18.37,29.07,8.054
Manhattan,Inwood,4,12,17.42,25.11,6.587
Manhattan,Inwood,5,5,18.88,17.53,7.74
Manhattan,Inwood,6,14,18.22,23.35,6.404
Manhattan,Inwood,7,35,30.15,13.43,7.082
Manhattan,Inwood,8,27,21.62,18.37,6.721
Manhattan,Inwood,9,8,27.08,19.16,10.599
Manhattan,Inwood,10,12,26.31,16.71,9.532
Manhattan,Inwood,11,17,28.0,19.85,8.577
Manhattan,Inwood,12,16,28.83,16.07,8.004
Manhattan,Inwood,13,11,22.52,15.04,6.463
Manhattan,Inwood,14,34,61.43,14.24,12.732
Manhattan,Inwood,15,19,36.28,15.27,9.431
Manhattan,Inwood,16,8,15.71,15.33,7.934
Manhattan,Inwood,17,12,18.42,18.63,5.025
Manhattan,Inwood,18,18,14.28,12.67,4.162
Manhattan,Inwood,19,11,21.2,17.47,6.205
Manhattan,Inwood,20,12,13.58,21.61,5.232
Manhattan,Inwood,21,11,15.02,16.85,5.704
Manhattan,Inwood,22,26,14.52,18.95,5.447
Manhattan,Inwood,23,14,13.96,17.97,4.806
Manhattan,Inwood Hill Park,7,1,3.3,9.09,0.5
Manhattan,Inwood Hill Park,8,1,29.05,17.23,8.34
Manhattan,Inwood Hill Park,9,3,26.13,22.72,9.467
Manhattan,Inwood Hill Park,10,1,7.55,19.95,2.51
Manhattan,Inwood Hill Park,11,2,30.98,13.14,7.9
Manhattan,Inwood Hill Park,12,2,17.29,20.77,7.01
Manhattan,Inwood Hill Park,13,2,18.4,22.88,6.23
Manhattan,Inwood Hill Park,14,1,30.52,4.13,2.1
Manhattan,Inwood Hill Park,15,1,79.58,16.21,21.5
Manhattan,Inwood Hill Park,16,2,19.26,8.57,2.8
Manhattan,Inwood Hill Park,17,4,16.89,23.0,6.938
Manhattan,Inwood Hill Park,18,1,23.6,19.32,7.6
Manhattan,Inwood Hill Park,20,1,24.87,23.96,9.93
Manhattan,Inwood Hill Park,21,1,22.78,22.91,8.7
Manhattan,Inwood Hill Park,22,1,13.13,15.85,3.47
Manhattan,Inwood Hill Park,23,1,24.65,23.63,9.71
Manhattan,Kips Bay,0,1198,9.27,12.88,2.47
Manhattan,Kips Bay,1,756,8.2,13.43,2.244
Manhattan,Kips Bay,2,451,8.37,13.85,2.428
Manhattan,Kips Bay,3,330,7.91,14.75,2.587
Manhattan,Kips Bay,4,300,8.44,16.08,3.3
Manhattan,Kips Bay,5,230,8.68,16.02,3.826
Manhattan,Kips Bay,6,503,8.7,12.83,2.646
Manhattan,Kips Bay,7,1164,8.71,10.82,2.227
Manhattan,Kips Bay,8,1543,10.53,8.88,2.124
Manhattan,Kips Bay,9,1488,9.78,8.49,2.055
Manhattan,Kips Bay,10,1535,10.72,8.56,2.304
Manhattan,Kips Bay,11,1680,11.05,8.64,2.377
Manhattan,Kips Bay,12,1845,11.15,8.83,2.408
Manhattan,Kips Bay,13,1854,10.96,8.68,2.394
Manhattan,Kips Bay,14,1978,11.18,8.56,2.361
Manhattan,Kips Bay,15,2424,11.37,8.56,2.368
Manhattan,Kips Bay,16,2362,10.98,8.81,2.234
Manhattan,Kips Bay,17,2527,11.52,8.48,2.112
Manhattan,Kips Bay,18,2762,10.97,8.93,2.026
Manhattan,Kips Bay,19,2670,10.73,9.46,2.113
Manhattan,Kips Bay,20,1986,10.04,10.36,2.17
Manhattan,Kips Bay,21,1588,9.39,11.33,2.246
Manhattan,Kips Bay,22,1481,9.3,11.81,2.363
Manhattan,Kips Bay,23,1385,9.55,11.39,2.245
Manhattan,Lenox Hill East,0,565,9.62,14.17,2.804
Manhattan,Lenox Hill East,1,332,8.99,13.49,2.799
Manhattan,Lenox Hill East,2,205,8.62,13.18,2.738
Manhattan,Lenox Hill East,3,148,7.97,15.16,2.791
Manhattan,Lenox Hill East,4,183,10.92,14.77,4.303
Manhattan,Lenox Hill East,5,294,9.54,14.59,4.041
Manhattan,Lenox Hill East,6,844,8.88,12.22,2.588
Manhattan,Lenox Hill East,7,2736,10.81,10.26,2.36
Manhattan,Lenox Hill East,8,4369,11.4,9.0,2.307
Manhattan,Lenox Hill East,9,4201,11.83,8.88,2.337
Manhattan,Lenox Hill East,10,4392,11.77,8.34,2.296
Manhattan,Lenox Hill East,11,4446,12.14,8.0,2.222
Manhattan,Lenox Hill East,12,4738,11.9,8.23,2.222
Manhattan,Lenox Hill East,13,4679,11.95,8.12,2.238
Manhattan,Lenox Hill East,14,5452,12.1,7.81,2.204
Manhattan,Lenox Hill East,15,5919,12.08,7.85,2.263
Manhattan,Lenox Hill East,16,5503,11.3,8.6,2.146
Manhattan,Lenox Hill East,17,5732,10.93,9.0,2.127
Manhattan,Lenox Hill East,18,4965,10.53,9.41,2.108
Manhattan,Lenox Hill East,19,4015,9.95,10.53,2.269
Manhattan,Lenox Hill East,20,2953,9.58,11.23,2.32
Manhattan,Lenox Hill East,21,1847,9.62,11.41,2.357
Manhattan,Lenox Hill East,22,1301,9.68,12.13,2.616
Manhattan,Lenox Hill East,23,884,10.11,13.23,2.693
Manhattan,Lenox Hill West,0,1094,7.41,14.29,2.243
Manhattan,Lenox Hill West,1,741,7.95,14.15,2.315
Manhattan,Lenox Hill West,2,470,7.53,14.61,2.36
Manhattan,Lenox Hill West,3,311,7.32,16.03,2.72
Manhattan,Lenox Hill West,4,307,9.02,16.34,3.548
Manhattan,Lenox Hill West,5,409,8.88,16.27,3.725
Manhattan,Lenox Hill West,6,1268,8.29,12.88,2.705
Manhattan,Lenox Hill West,7,3262,9.53,9.9,2.041
Manhattan,Lenox Hill West,8,4335,10.08,8.49,1.987
Manhattan,Lenox Hill West,9,4176,9.98,8.39,1.843
Manhattan,Lenox Hill West,10,4410,9.05,8.53,1.721
Manhattan,Lenox Hill West,11,4562,9.3,8.01,1.685
Manhattan,Lenox Hill West,12,4812,9.05,8.22,1.702
Manhattan,Lenox Hill West,13,4880,9.19,8.2,1.676
Manhattan,Lenox Hill West,14,5190,9.34,7.91,1.671
Manhattan,Lenox Hill West,15,5250,9.12,7.91,1.659
Manhattan,Lenox Hill West,16,4809,8.55,8.47,1.676
Manhattan,Lenox Hill West,17,5185,8.9,8.82,1.748
Manhattan,Lenox Hill West,18,5641,8.75,9.18,1.711
Manhattan,Lenox Hill West,19,4660,8.07,10.29,1.823
Manhattan,Lenox Hill West,20,3749,8.12,11.14,1.974
Manhattan,Lenox Hill West,21,3511,8.07,11.32,1.98
Manhattan,Lenox Hill West,22,2683,8.17,11.93,2.124
Manhattan,Lenox Hill West,23,1719,8.28,13.37,2.285
Manhattan,Lincoln Square East,0,1884,10.22,12.46,2.659
Manhattan,Lincoln Square East,1,664,9.8,12.68,2.653
Manhattan,Lincoln Square East,2,257,10.1,13.03,2.782
Manhattan,Lincoln Square East,3,120,9.85,14.71,3.357
Manhattan,Lincoln Square East,4,177,12.32,17.06,6.144
Manhattan,Lincoln Square East,5,289,9.1,15.41,4.899
Manhattan,Lincoln Square East,6,751,9.32,12.64,3.07
Manhattan,Lincoln Square East,7,2655,9.08,10.58,2.271
Manhattan,Lincoln Square East,8,4175,10.4,9.08,2.042
Manhattan,Lincoln Square East,9,4151,10.22,9.03,2.06
Manhattan,Lincoln Square East,10,4539,9.93,8.94,1.94
Manhattan,Lincoln Square East,11,5041,10.05,8.81,1.921
Manhattan,Lincoln Square East,12,5355,9.92,8.81,1.928
Manhattan,Lincoln Square East,13,5661,10.33,8.67,1.966
Manhattan,Lincoln Square East,14,6397,10.27,8.57,1.948
Manhattan,Lincoln Square East,15,6708,10.28,8.62,1.938
Manhattan,Lincoln Square East,16,6272,9.97,8.96,1.895
Manhattan,Lincoln Square East,17,6992,10.05,9.03,1.91
Manhattan,Lincoln Square East,18,7855,9.63,9.4,1.847
Manhattan,Lincoln Square East,19,6291,9.35,9.8,1.878
Manhattan,Lincoln Square East,20,6353,9.52,10.64,2.085
Manhattan,Lincoln Square East,21,10143,10.62,10.77,2.284
Manhattan,Lincoln Square East,22,7667,10.93,10.87,2.44
Manhattan,Lincoln Square East,23,5058,10.63,11.83,2.553
Manhattan,Lincoln Square West,0,269,10.25,12.59,2.719
Manhattan,Lincoln Square West,1,169,10.42,11.88,2.677
Manhattan,Lincoln Square West,2,72,11.63,12.88,2.695
Manhattan,Lincoln Square West,3,61,6.37,15.0,2.885
Manhattan,Lincoln Square West,4,55,12.0,16.68,4.964
Manhattan,Lincoln Square West,5,208,10.5,14.77,4.459
Manhattan,Lincoln Square West,6,608,9.87,13.69,3.18
Manhattan,Lincoln Square West,7,1794,10.63,10.93,2.45
Manhattan,Lincoln Square West,8,2832,11.95,9.52,2.291
Manhattan,Lincoln Square West,9,2656,11.43,9.37,2.123
Manhattan,Lincoln Square West,10,2363,9.95,9.41,1.9
Manhattan,Lincoln Square West,11,2187,9.83,9.38,1.975
Manhattan,Lincoln Square West,12,2371,9.67,9.26,2.016
Manhattan,Lincoln Square West,13,2287,9.78,9.16,2.099
Manhattan,Lincoln Square West,14,2361,9.92,9.09,2.016
Manhattan,Lincoln Square West,15,2474,9.81,9.3,1.972
Manhattan,Lincoln Square West,16,2224,9.07,9.66,1.934
Manhattan,Lincoln Square West,17,2396,8.97,9.58,1.844
Manhattan,Lincoln Square West,18,2576,9.01,9.87,1.865
Manhattan,Lincoln Square West,19,1812,8.73,10.32,1.965
Manhattan,Lincoln Square West,20,1286,8.63,11.01,2.124
Manhattan,Lincoln Square West,21,1296,9.95,11.41,2.456
Manhattan,Lincoln Square West,22,1037,10.33,11.66,2.472
Manhattan,Lincoln Square West,23,596,11.28,12.65,2.808
Manhattan,Little Italy/NoLiTa,0,1959,10.05,10.46,2.337
Manhattan,Little Italy/NoLiTa,1,1892,10.29,10.91,2.393
Manhattan,Little Italy/NoLiTa,2,1623,9.88,11.61,2.438
Manhattan,Little Italy/NoLiTa,3,1096,9.43,11.97,2.511
Manhattan,Little Italy/NoLiTa,4,593,8.77,11.89,2.563
Manhattan,Little Italy/NoLiTa,5,70,10.3,14.94,3.671
Manhattan,Little Italy/NoLiTa,6,91,10.47,12.45,3.258
Manhattan,Little Italy/NoLiTa,7,226,11.2,10.44,2.782
Manhattan,Little Italy/NoLiTa,8,432,12.63,9.23,2.367
Manhattan,Little Italy/NoLiTa,9,381,13.03,8.78,2.396
Manhattan,Little Italy/NoLiTa,10,493,11.83,8.77,2.324
Manhattan,Little Italy/NoLiTa,11,764,12.83,8.78,2.457
Manhattan,Little Italy/NoLiTa,12,1066,12.95,8.68,2.436
Manhattan,Little Italy/NoLiTa,13,1417,14.17,8.72,2.574
Manhattan,Little Italy/NoLiTa,14,1751,14.05,8.77,2.534
Manhattan,Little Italy/NoLiTa,15,2087,14.35,8.82,2.553
Manhattan,Little Italy/NoLiTa,16,2283,14.05,8.88,2.431
Manhattan,Little Italy/NoLiTa,17,2367,13.57,8.58,2.364
Manhattan,Little Italy/NoLiTa,18,2308,11.84,8.7,2.195
Manhattan,Little Italy/NoLiTa,19,2225,12.22,8.98,2.285
Manhattan,Little Italy/NoLiTa,20,2151,12.07,9.5,2.445
Manhattan,Little Italy/NoLiTa,21,2239,12.22,9.94,2.544
Manhattan,Little Italy/NoLiTa,22,2234,11.3,10.25,2.472
Manhattan,Little Italy/NoLiTa,23,2188,10.83,10.51,2.456
Manhattan,Lower East Side,0,3609,11.72,10.89,2.722
Manhattan,Lower East Side,1,3787,11.3,11.12,2.693
Manhattan,Lower East Side,2,3285,11.1,11.59,2.773
Manhattan,Lower East Side,3,2213,10.98,12.04,2.896
Manhattan,Lower East Side,4,960,10.91,12.64,3.299
Manhattan,Lower East Side,5,157,11.45,14.96,4.479
Manhattan,Lower East Side,6,226,13.54,14.31,4.709
Manhattan,Lower East Side,7,438,13.43,11.55,3.376
Manhattan,Lower East Side,8,576,14.83,9.5,2.975
Manhattan,Lower East Side,9,517,12.8,10.09,2.984
Manhattan,Lower East Side,10,439,12.43,9.75,3.158
Manhattan,Lower East Side,11,511,13.78,9.66,3.33
Manhattan,Lower East Side,12,616,13.19,9.44,3.161
Manhattan,Lower East Side,13,781,13.53,9.39,3.195
Manhattan,Lower East Side,14,953,13.85,9.09,3.134
Manhattan,Lower East Side,15,1014,13.28,9.29,2.778
Manhattan,Lower East Side,16,909,12.98,9.53,2.917
Manhattan,Lower East Side,17,996,12.54,8.92,2.659
Manhattan,Lower East Side,18,1337,11.87,8.95,2.458
Manhattan,Lower East Side,19,1410,11.45,9.23,2.32
Manhattan,Lower East Side,20,1641,11.88,9.48,2.518
Manhattan,Lower East Side,21,1980,12.15,10.07,2.589
Manhattan,Lower East Side,22,2542,12.82,10.56,2.829
Manhattan,Lower East Side,23,3091,12.18,10.51,2.746
Manhattan,Manhattan Valley,0,229,9.57,12.83,2.945
Manhattan,Manhattan Valley,1,101,9.3,11.58,2.657
Manhattan,Manhattan Valley,2,63,10.12,12.55,3.044
Manhattan,Manhattan Valley,3,45,10.08,15.89,3.367
Manhattan,Manhattan Valley,4,74,10.85,18.44,4.896
Manhattan,Manhattan Valley,5,167,11.92,15.36,4.786
Manhattan,Manhattan Valley,6,505,10.4,14.21,3.271
Manhattan,Manhattan Valley,7,1365,13.27,11.15,2.865
Manhattan,Manhattan Valley,8,1784,12.25,9.31,2.461
Manhattan,Manhattan Valley,9,1641,10.38,10.33,2.383
Manhattan,Manhattan Valley,10,1687,10.3,10.2,2.229
Manhattan,Manhattan Valley,11,1689,10.05,9.51,2.18
Manhattan,Manhattan Valley,12,1755,9.62,9.6,2.106
Manhattan,Manhattan Valley,13,1777,10.23,9.39,2.134
Manhattan,Manhattan Valley,14,1718,10.22,9.32,2.173
Manhattan,Manhattan Valley,15,1706,9.83,9.15,2.034
Manhattan,Manhattan Valley,16,1594,8.82,9.5,1.953
Manhattan,Manhattan Valley,17,1700,9.32,9.46,1.925
Manhattan,Manhattan Valley,18,1761,9.95,9.94,2.111
Manhattan,Manhattan Valley,19,1215,9.28,10.41,2.078
Manhattan,Manhattan Valley,20,986,9.65,10.97,2.355
Manhattan,Manhattan Valley,21,651,9.35,11.13,2.29
Manhattan,Manhattan Valley,22,625,11.07,11.59,2.775
Manhattan,Manhattan Valley,23,358,11.24,12.57,3.078
Manhattan,Manhattanville,0,47,12.38,15.95,3.901
Manhattan,Manhattanville,1,23,10.6,14.87,3.05
Manhattan,Manhattanville,2,16,6.01,13.09,2.209
Manhattan,Manhattanville,3,4,13.06,13.82,6.17
Manhattan,Manhattanville,4,16,9.75,15.24,3.342
Manhattan,Manhattanville,5,19,14.33,13.52,4.212
Manhattan,Manhattanville,6,116,16.18,16.69,4.792
Manhattan,Manhattanville,7,179,15.38,14.12,4.272
Manhattan,Manhattanville,8,152,16.52,10.98,3.69
Manhattan,Manhattanville,9,122,15.06,11.3,3.515
Manhattan,Manhattanville,10,88,13.78,10.99,3.566
Manhattan,Manhattanville,11,77,14.15,11.05,4.315
Manhattan,Manhattanville,12,99,13.25,11.21,3.651
Manhattan,Manhattanville,13,105,13.65,10.86,3.526
Manhattan,Manhattanville,14,110,13.63,10.8,3.36
Manhattan,Manhattanville,15,154,13.38,9.9,2.848
Manhattan,Manhattanville,16,105,13.3,10.15,2.983
Manhattan,Manhattanville,17,155,13.85,10.33,3.26
Manhattan,Manhattanville,18,164,13.38,10.8,3.443
Manhattan,Manhattanville,19,132,13.16,10.96,3.231
Manhattan,Manhattanville,20,94,11.68,12.33,3.696
Manhattan,Manhattanville,21,68,11.63,12.09,3.289
Manhattan,Manhattanville,22,84,12.26,12.58,3.294
Manhattan,Manhattanville,23,85,11.77,13.03,3.628
Manhattan,Marble Hill,0,1,2.75,10.91,0.5
Manhattan,Marble Hill,3,1,21.03,32.81,11.5
Manhattan,Marble Hill,5,1,25.07,21.54,9.0
Manhattan,Marble Hill,6,1,15.4,13.25,3.4
Manhattan,Marble Hill,7,4,33.08,9.6,7.18
Manhattan,Marble Hill,8,3,23.68,11.07,5.393
Manhattan,Marble Hill,9,3,30.67,9.59,5.2
Manhattan,Marble Hill,10,1,2.55,14.82,0.63
Manhattan,Marble Hill,11,4,22.54,15.05,5.195
Manhattan,Marble Hill,12,7,37.78,17.18,8.503
Manhattan,Marble Hill,13,4,44.87,8.87,6.85
Manhattan,Marble Hill,14,3,46.22,8.13,4.95
Manhattan,Marble Hill,15,1,11.43,5.77,1.1
Manhattan,Marble Hill,16,2,21.06,14.49,5.73
Manhattan,Marble Hill,17,1,19.4,18.25,5.9
Manhattan,Marble Hill,18,4,18.21,17.57,7.192
Manhattan,Marble Hill,19,6,19.77,15.47,7.54
Manhattan,Marble Hill,20,1,20.73,31.11,10.75
Manhattan,Marble Hill,21,2,26.38,17.52,8.76
Manhattan,Marble Hill,22,3,16.43,19.8,7.22
Manhattan,Marble Hill,23,1,13.1,23.18,5.06
Manhattan,Meatpacking/West Village West,0,2122,11.78,10.45,2.388
Manhattan,Meatpacking/West Village West,1,1961,11.22,10.71,2.375
Manhattan,Meatpacking/West Village West,2,1446,10.95,11.34,2.456
Manhattan,Meatpacking/West Village West,3,708,10.93,12.27,2.737
Manhattan,Meatpacking/West Village West,4,177,11.7,14.22,3.844
Manhattan,Meatpacking/West Village West,5,59,10.0,15.76,5.508
Manhattan,Meatpacking/West Village West,6,229,10.45,13.33,3.47
Manhattan,Meatpacking/West Village West,7,579,13.0,11.05,3.47
Manhattan,Meatpacking/West Village West,8,959,11.87,9.35,2.458
Manhattan,Meatpacking/West Village West,9,708,11.57,9.27,2.401
Manhattan,Meatpacking/West Village West,10,684,11.65,9.27,2.804
Manhattan,Meatpacking/West Village West,11,726,12.35,9.27,2.676
Manhattan,Meatpacking/West Village West,12,957,12.25,9.1,2.773
Manhattan,Meatpacking/West Village West,13,1141,12.47,9.16,2.826
Manhattan,Meatpacking/West Village West,14,1277,13.15,9.21,2.99
Manhattan,Meatpacking/West Village West,15,1576,13.43,9.06,2.766
Manhattan,Meatpacking/West Village West,16,1534,12.89,9.13,2.72
Manhattan,Meatpacking/West Village West,17,1814,12.78,8.49,2.399
Manhattan,Meatpacking/West Village West,18,1772,12.53,8.58,2.207
Manhattan,Meatpacking/West Village West,19,1652,12.36,8.89,2.222
Manhattan,Meatpacking/West Village West,20,1842,12.37,9.39,2.364
Manhattan,Meatpacking/West Village West,21,2199,12.4,9.81,2.453
Manhattan,Meatpacking/West Village West,22,2232,12.42,10.03,2.497
Manhattan,Meatpacking/West Village West,23,2294,11.76,10.42,2.414
Manhattan,Midtown Center,0,1956,9.8,11.71,2.531
Manhattan,Midtown Center,1,846,10.33,12.29,2.802
Manhattan,Midtown Center,2,395,9.93,12.66,3.062
Manhattan,Midtown Center,3,218,12.26,15.24,4.987
Manhattan,Midtown Center,4,222,18.96,22.29,8.315
Manhattan,Midtown Center,5,301,18.8,19.91,7.908
Manhattan,Midtown Center,6,970,7.35,12.06,3.651
Manhattan,Midtown Center,7,1826,8.57,9.15,2.881
Manhattan,Midtown Center,8,3229,10.23,7.8,2.382
Manhattan,Midtown Center,9,4726,11.95,7.2,2.413
Manhattan,Midtown Center,10,5925,12.63,7.23,2.361
Manhattan,Midtown Center,11,7366,12.38,7.18,2.2
Manhattan,Midtown Center,12,8456,12.38,7.02,2.195
Manhattan,Midtown Center,13,9759,12.77,7.13,2.253
Manhattan,Midtown Center,14,10710,12.85,7.1,2.291
Manhattan,Midtown Center,15,11034,12.22,7.37,2.157
Manhattan,Midtown Center,16,12278,12.37,7.41,2.101
Manhattan,Midtown Center,17,15359,13.0,7.18,1.981
Manhattan,Midtown Center,18,15912,12.18,7.75,1.892
Manhattan,Midtown Center,19,12903,11.33,8.56,1.949
Manhattan,Midtown Center,20,12538,11.02,9.65,2.194
Manhattan,Midtown Center,21,11280,10.97,10.07,2.247
Manhattan,Midtown Center,22,8153,10.55,10.22,2.219
Manhattan,Midtown Center,23,4036,9.93,11.04,2.304
Manhattan,Midtown East,0,1252,9.08,12.13,2.368
Manhattan,Midtown East,1,626,9.48,12.24,2.4
Manhattan,Midtown East,2,273,8.6,12.99,2.514
Manhattan,Midtown East,3,186,9.2,14.08,3.753
Manhattan,Midtown East,4,185,11.52,17.7,6.334
Manhattan,Midtown East,5,507,7.6,13.31,3.653
Manhattan,Midtown East,6,1737,7.72,11.87,2.532
Manhattan,Midtown East,7,2982,8.9,9.6,2.254
Manhattan,Midtown East,8,4402,10.51,7.86,2.054
Manhattan,Midtown East,9,4847,12.22,7.18,2.112
Manhattan,Midtown East,10,5066,12.63,7.23,2.162
Manhattan,Midtown East,11,5914,12.35,7.29,2.155
Manhattan,Midtown East,12,6220,12.67,7.32,2.234
Manhattan,Midtown East,13,6168,12.83,7.41,2.36
Manhattan,Midtown East,14,6212,12.9,7.31,2.355
Manhattan,Midtown East,15,6622,12.27,7.71,2.29
Manhattan,Midtown East,16,7581,12.1,7.95,2.178
Manhattan,Midtown East,17,10426,12.4,7.78,2.012
Manhattan,Midtown East,18,11356,12.0,8.21,1.967
Manhattan,Midtown East,19,8695,11.05,9.23,2.013
Manhattan,Midtown East,20,7705,10.72,10.26,2.202
Manhattan,Midtown East,21,6345,10.35,10.72,2.223
Manhattan,Midtown East,22,4259,10.0,11.24,2.267
Manhattan,Midtown East,23,2389,9.45,11.84,2.33
Manhattan,Midtown North,0,1470,9.43,11.41,2.37
Manhattan,Midtown North,1,751,10.07,12.48,2.612
Manhattan,Midtown North,2,426,10.29,12.84,2.874
Manhattan,Midtown North,3,226,12.97,14.5,4.537
Manhattan,Midtown North,4,224,15.74,18.69,7.245
Manhattan,Midtown North,5,296,11.39,17.09,6.798
Manhattan,Midtown North,6,540,9.32,12.96,5.007
Manhattan,Midtown North,7,1414,9.46,9.99,3.183
Manhattan,Midtown North,8,2212,10.68,8.27,2.598
Manhattan,Midtown North,9,2886,11.93,7.91,2.64
Manhattan,Midtown North,10,3782,12.07,7.74,2.443
Manhattan,Midtown North,11,4758,12.42,7.66,2.445
Manhattan,Midtown North,12,5178,12.3,7.48,2.471
Manhattan,Midtown North,13,5697,12.42,7.27,2.419
Manhattan,Midtown North,14,6321,12.52,7.39,2.468
Manhattan,Midtown North,15,6258,12.08,7.55,2.285
Manhattan,Midtown North,16,6420,11.85,7.64,2.126
Manhattan,Midtown North,17,7570,11.78,7.57,1.951
Manhattan,Midtown North,18,8247,10.98,7.92,1.86
Manhattan,Midtown North,19,6538,10.5,8.61,1.926
Manhattan,Midtown North,20,5683,10.17,9.62,2.065
Manhattan,Midtown North,21,5843,10.28,9.99,2.151
Manhattan,Midtown North,22,5323,10.42,10.23,2.248
Manhattan,Midtown North,23,2979,10.1,10.89,2.357
Manhattan,Midtown South,0,2207,10.1,11.21,2.429
Manhattan,Midtown South,1,1478,10.47,11.91,2.625
Manhattan,Midtown South,2,886,9.98,12.54,2.659
Manhattan,Midtown South,3,559,9.77,13.39,2.997
Manhattan,Midtown South,4,446,10.43,14.07,3.945
Manhattan,Midtown South,5,304,10.78,15.0,5.319
Manhattan,Midtown South,6,460,7.78,12.88,3.724
Manhattan,Midtown South,7,1057,7.57,10.32,2.636
Manhattan,Midtown South,8,2047,9.37,8.22,2.021
Manhattan,Midtown South,9,2259,10.13,7.92,2.11
Manhattan,Midtown South,10,2617,11.02,7.96,2.223
Manhattan,Midtown South,11,3094,11.73,7.93,2.3
Manhattan,Midtown South,12,3358,11.62,7.76,2.345
Manhattan,Midtown South,13,3645,11.63,7.83,2.48
Manhattan,Midtown South,14,4027,11.67,7.84,2.498
Manhattan,Midtown South,15,3913,11.38,7.87,2.369
Manhattan,Midtown South,16,3994,11.33,8.03,2.379
Manhattan,Midtown South,17,5206,11.79,7.62,2.088
Manhattan,Midtown South,18,5783,11.53,7.92,1.915
Manhattan,Midtown South,19,5228,11.0,8.48,1.915
Manhattan,Midtown South,20,4793,10.92,9.11,2.117
Manhattan,Midtown South,21,4994,10.97,9.91,2.222
Manhattan,Midtown South,22,4717,11.18,10.26,2.288
Manhattan,Midtown South,23,3360,10.34,10.82,2.37
Manhattan,Morningside Heights,0,176,9.2,11.65,2.801
Manhattan,Morningside Heights,1,71,7.92,11.82,2.334
Manhattan,Morningside Heights,2,56,8.52,12.49,2.751
Manhattan,Morningside Heights,3,31,8.58,12.55,2.896
Manhattan,Morningside Heights,4,48,12.59,16.31,6.126
Manhattan,Morningside Heights,5,84,14.23,14.89,5.108
Manhattan,Morningside Heights,6,194,14.18,15.13,4.162
Manhattan,Morningside Heights,7,578,13.66,11.29,3.084
Manhattan,Morningside Heights,8,824,13.88,10.19,2.702
Manhattan,Morningside Heights,9,716,11.76,11.22,2.656
Manhattan,Morningside Heights,10,702,11.98,10.66,2.669
Manhattan,Morningside Heights,11,781,12.48,9.86,2.603
Manhattan,Morningside Heights,12,913,13.32,9.93,2.902
Manhattan,Morningside Heights,13,864,12.92,9.8,2.801
Manhattan,Morningside Heights,14,832,12.79,9.54,2.727
Manhattan,Morningside Heights,15,1048,13.53,9.32,2.704
Manhattan,Morningside Heights,16,972,12.17,9.72,2.614
Manhattan,Morningside Heights,17,1282,12.62,9.89,2.542
Manhattan,Morningside Heights,18,1143,12.27,10.05,2.492
Manhattan,Morningside Heights,19,868,12.08,10.41,2.549
Manhattan,Morningside Heights,20,756,11.79,11.18,2.837
Manhattan,Morningside Heights,21,613,11.6,11.31,3.014
Manhattan,Morningside Heights,22,451,10.85,11.56,2.897
Manhattan,Morningside Heights,23,362,11.38,12.39,3.013
Manhattan,Murray Hill,0,1571,9.67,12.16,2.515
Manhattan,Murray Hill,1,925,9.67,12.08,2.368
Manhattan,Murray Hill,2,528,8.33,12.67,2.627
Manhattan,Murray Hill,3,295,8.25,14.13,3.167
Manhattan,Murray Hill,4,278,9.83,15.73,4.423
Manhattan,Murray Hill,5,375,8.27,13.88,4.136
Manhattan,Murray Hill,6,1037,7.68,11.84,2.757
Manhattan,Murray Hill,7,2340,8.96,9.53,2.219
Manhattan,Murray Hill,8,3784,10.28,8.14,1.956
Manhattan,Murray Hill,9,4223,11.12,7.47,1.933
Manhattan,Murray Hill,10,4532,11.57,7.74,2.118
Manhattan,Murray Hill,11,4853,11.6,7.77,2.107
Manhattan,Murray Hill,12,5139,11.77,7.75,2.128
Manhattan,Murray Hill,13,5424,11.98,7.8,2.285
Manhattan,Murray Hill,14,5595,12.27,7.82,2.32
Manhattan,Murray Hill,15,5471,12.08,7.97,2.278
Manhattan,Murray Hill,16,5953,11.98,8.08,2.218
Manhattan,Murray Hill,17,6833,12.45,7.81,2.017
Manhattan,Murray Hill,18,7176,11.95,8.15,1.888
Manhattan,Murray Hill,19,6192,11.18,8.96,2.002
Manhattan,Murray Hill,20,5407,10.62,9.85,2.149
Manhattan,Murray Hill,21,4681,10.37,10.57,2.208
Manhattan,Murray Hill,22,3886,10.3,10.93,2.247
Manhattan,Murray Hill,23,2634,9.92,11.27,2.248
Manhattan,Penn Station/Madison Sq West,0,2302,11.47,11.49,2.777
Manhattan,Penn Station/Madison Sq West,1,1141,10.07,12.03,2.679
Manhattan,Penn Station/Madison Sq West,2,725,10.33,13.18,3.038
Manhattan,Penn Station/Madison Sq West,3,439,9.22,13.65,3.132
Manhattan,Penn Station/Madison Sq West,4,410,8.28,13.75,3.599
Manhattan,Penn Station/Madison Sq West,5,1307,6.48,12.67,2.031
Manhattan,Penn Station/Madison Sq West,6,2950,7.48,11.21,1.78
Manhattan,Penn Station/Madison Sq West,7,4472,8.78,9.04,1.662
Manhattan,Penn Station/Madison Sq West,8,5568,10.93,7.64,1.776
Manhattan,Penn Station/Madison Sq West,9,6107,12.43,7.02,1.807
Manhattan,Penn Station/Madison Sq West,10,5637,13.73,7.02,2.007
Manhattan,Penn Station/Madison Sq West,11,6219,13.87,7.21,2.117
Manhattan,Penn Station/Madison Sq West,12,5981,14.28,6.99,2.106
Manhattan,Penn Station/Madison Sq West,13,7122,14.77,7.03,2.212
Manhattan,Penn Station/Madison Sq West,14,5908,14.19,7.28,2.24
Manhattan,Penn Station/Madison Sq West,15,6117,13.78,7.39,2.264
Manhattan,Penn Station/Madison Sq West,16,6551,13.82,7.54,2.214
Manhattan,Penn Station/Madison Sq West,17,7916,13.97,7.41,2.127
Manhattan,Penn Station/Madison Sq West,18,6905,13.37,7.67,2.07
Manhattan,Penn Station/Madison Sq West,19,6201,12.9,8.3,2.199
Manhattan,Penn Station/Madison Sq West,20,5442,12.45,8.81,2.324
Manhattan,Penn Station/Madison Sq West,21,7972,13.08,9.54,2.427
Manhattan,Penn Station/Madison Sq West,22,6288,12.84,9.65,2.464
Manhattan,Penn Station/Madison Sq West,23,3659,11.92,10.61,2.666
Manhattan,Randalls Island,0,2,21.9,38.58,14.545
Manhattan,Randalls Island,1,1,13.9,50.76,11.76
Manhattan,Randalls Island,4,2,16.53,19.9,5.49
Manhattan,Randalls Island,5,2,25.0,36.08,15.01
Manhattan,Randalls Island,6,1,33.7,12.11,6.8
Manhattan,Randalls Island,7,2,32.7,11.43,6.37
Manhattan,Randalls Island,8,3,13.68,12.54,7.357
Manhattan,Randalls Island,9,1,32.83,20.28,11.1
Manhattan,Randalls Island,10,3,9.45,32.13,5.087
Manhattan,Randalls Island,11,2,32.47,29.54,7.22
Manhattan,Randalls Island,12,3,17.02,22.77,7.397
Manhattan,Randalls Island,13,4,27.76,19.66,9.943
Manhattan,Randalls Island,14,4,44.49,12.22,10.235
Manhattan,Randalls Island,15,5,27.32,13.86,6.486
Manhattan,Randalls Island,16,9,24.8,15.57,5.809
Manhattan,Randalls Island,17,3,25.15,19.17,5.62
Manhattan,Randalls Island,18,8,16.51,17.39,4.711
Manhattan,Randalls Island,19,1,19.67,1.07,0.35
Manhattan,Randalls Island,20,8,13.36,27.22,8.585
Manhattan,Randalls Island,21,7,10.4,53.41,7.847
Manhattan,Randalls Island,22,8,11.12,23.2,5.1
Manhattan,Randalls Island,23,5,16.47,27.12,9.592
Manhattan,Roosevelt Island,0,3,18.42,18.11,6.297
Manhattan,Roosevelt Island,1,5,21.2,11.04,5.212
Manhattan,Roosevelt Island,2,1,24.08,12.46,5.0
Manhattan,Roosevelt Island,4,2,28.33,21.38,10.905
Manhattan,Roosevelt Island,5,1,20.92,20.68,7.21
Manhattan,Roosevelt Island,6,9,20.95,14.76,5.148
Manhattan,Roosevelt Island,7,15,22.83,9.66,3.031
Manhattan,Roosevelt Island,8,9,32.18,10.8,5.65
Manhattan,Roosevelt Island,9,11,22.62,15.94,6.611
Manhattan,Roosevelt Island,10,8,37.42,10.54,6.071
Manhattan,Roosevelt Island,11,7,21.88,12.89,5.499
Manhattan,Roosevelt Island,12,9,23.37,10.01,3.45
Manhattan,Roosevelt Island,13,6,31.2,14.4,10.26
Manhattan,Roosevelt Island,14,6,37.62,7.95,5.773
Manhattan,Roosevelt Island,15,14,45.74,9.14,6.626
Manhattan,Roosevelt Island,16,7,35.35,9.68,8.89
Manhattan,Roosevelt Island,17,7,15.15,13.49,2.973
Manhattan,Roosevelt Island,18,5,43.75,12.63,9.962
Manhattan,Roosevelt Island,19,10,29.23,11.99,6.57
Manhattan,Roosevelt Island,20,9,29.07,15.47,7.549
Manhattan,Roosevelt Island,21,5,8.35,12.22,4.418
Manhattan,Roosevelt Island,22,8,29.83,19.08,9.116
Manhattan,Roosevelt Island,23,8,15.88,15.8,4.012
Manhattan,Seaport,0,293,12.17,13.44,3.628
Manhattan,Seaport,1,195,12.03,13.8,3.695
Manhattan,Seaport,2,104,12.31,15.04,3.725
Manhattan,Seaport,3,37,12.97,16.57,3.848
Manhattan,Seaport,4,33,15.37,18.62,6.742
Manhattan,Seaport,5,24,14.42,25.26,6.555
Manhattan,Seaport,6,38,16.05,19.27,6.442
Manhattan,Seaport,7,68,16.14,12.75,4.525
Manhattan,Seaport,8,98,17.49,12.72,4.537
Manhattan,Seaport,9,116,14.96,11.78,3.59
Manhattan,Seaport,10,148,15.53,12.02,4.147
Manhattan,Seaport,11,161,16.28,10.72,3.751
Manhattan,Seaport,12,199,14.25,10.58,3.64
Manhattan,Seaport,13,236,14.99,11.57,4.124
Manhattan,Seaport,14,270,16.08,11.78,4.347
Manhattan,Seaport,15,273,16.63,11.3,4.227
Manhattan,Seaport,16,265,14.85,10.64,4.132
Manhattan,Seaport,17,367,16.15,11.45,4.255
Manhattan,Seaport,18,452,14.58,10.6,3.344
Manhattan,Seaport,19,430,13.93,10.98,3.221
Manhattan,Seaport,20,432,13.57,12.55,3.569
Manhattan,Seaport,21,446,13.81,14.21,3.823
Manhattan,Seaport,22,368,12.88,13.9,3.672
Manhattan,Seaport,23,327,13.45,13.08,3.746
Manhattan,SoHo,0,1298,9.76,10.55,2.27
Manhattan,SoHo,1,1138,10.21,11.16,2.448
Manhattan,SoHo,2,757,9.87,11.56,2.336
Manhattan,SoHo,3,338,10.58,12.78,2.816
Manhattan,SoHo,4,161,9.95,13.58,3.604
Manhattan,SoHo,5,74,9.72,15.19,5.198
Manhattan,SoHo,6,81,9.58,13.22,3.132
Manhattan,SoHo,7,235,11.78,10.7,3.452
Manhattan,SoHo,8,465,13.15,9.0,2.488
Manhattan,SoHo,9,409,12.12,8.61,2.606
Manhattan,SoHo,10,560,11.32,8.41,2.059
Manhattan,SoHo,11,754,11.94,8.7,2.31
Manhattan,SoHo,12,950,12.64,8.72,2.496
Manhattan,SoHo,13,1265,12.73,8.85,2.442
Manhattan,SoHo,14,1596,13.15,8.7,2.414
Manhattan,SoHo,15,1878,13.03,8.79,2.348
Manhattan,SoHo,16,1858,12.98,8.87,2.353
Manhattan,SoHo,17,2049,12.75,8.5,2.219
Manhattan,SoHo,18,2330,11.68,8.61,2.123
Manhattan,SoHo,19,1813,11.63,8.78,2.09
Manhattan,SoHo,20,1510,11.03,9.39,2.274
Manhattan,SoHo,21,1755,11.1,9.98,2.348
Manhattan,SoHo,22,1887,10.35,10.29,2.369
Manhattan,SoHo,23,1550,10.43,10.46,2.391
Manhattan,Stuy Town/Peter Cooper Village,0,124,11.2,10.57,2.453
Manhattan,Stuy Town/Peter Cooper Village,1,136,11.14,11.78,2.886
Manhattan,Stuy Town/Peter Cooper Village,2,102,9.45,13.18,3.035
Manhattan,Stuy Town/Peter Cooper Village,3,56,9.93,14.21,2.949
Manhattan,Stuy Town/Peter Cooper Village,4,40,11.27,15.51,4.514
Manhattan,Stuy Town/Peter Cooper Village,5,79,10.45,13.9,2.75
Manhattan,Stuy Town/Peter Cooper Village,6,183,11.08,13.25,3.338
Manhattan,Stuy Town/Peter Cooper Village,7,300,12.36,10.98,2.848
Manhattan,Stuy Town/Peter Cooper Village,8,345,13.32,9.53,2.574
Manhattan,Stuy Town/Peter Cooper Village,9,342,12.78,9.1,2.473
Manhattan,Stuy Town/Peter Cooper Village,10,287,11.65,9.26,2.391
Manhattan,Stuy Town/Peter Cooper Village,11,257,12.7,8.81,2.556
Manhattan,Stuy Town/Peter Cooper Village,12,215,11.42,8.76,2.181
Manhattan,Stuy Town/Peter Cooper Village,13,237,12.58,8.61,2.564
Manhattan,Stuy Town/Peter Cooper Village,14,215,12.38,8.91,2.302
Manhattan,Stuy Town/Peter Cooper Village,15,223,11.55,8.58,2.095
Manhattan,Stuy Town/Peter Cooper Village,16,177,10.63,8.73,2.296
Manhattan,Stuy Town/Peter Cooper Village,17,247,12.15,8.1,2.141
Manhattan,Stuy Town/Peter Cooper Village,18,333,13.05,8.42,2.217
Manhattan,Stuy Town/Peter Cooper Village,19,297,12.0,8.52,2.179
Manhattan,Stuy Town/Peter Cooper Village,20,172,11.22,9.1,1.975
Manhattan,Stuy Town/Peter Cooper Village,21,153,10.0,10.23,2.36
Manhattan,Stuy Town/Peter Cooper Village,22,179,10.93,10.64,2.531
Manhattan,Stuy Town/Peter Cooper Village,23,191,11.55,9.7,2.571
Manhattan,Sutton Place/Turtle Bay North,0,1043,8.5,13.32,2.322
Manhattan,Sutton Place/Turtle Bay North,1,649,8.8,13.15,2.322
Manhattan,Sutton Place/Turtle Bay North,2,401,8.15,14.56,2.508
Manhattan,Sutton Place/Turtle Bay North,3,238,7.23,15.37,2.771
Manhattan,Sutton Place/Turtle Bay North,4,172,10.03,17.33,4.887
Manhattan,Sutton Place/Turtle Bay North,5,255,9.23,17.23,4.993
Manhattan,Sutton Place/Turtle Bay North,6,621,8.02,12.33,2.871
Manhattan,Sutton Place/Turtle Bay North,7,2027,10.13,8.95,2.054
Manhattan,Sutton Place/Turtle Bay North,8,3114,11.84,7.19,1.897
Manhattan,Sutton Place/Turtle Bay North,9,3207,12.05,6.6,1.813
Manhattan,Sutton Place/Turtle Bay North,10,3145,11.35,6.88,1.777
Manhattan,Sutton Place/Turtle Bay North,11,3077,11.45,7.17,1.774
Manhattan,Sutton Place/Turtle Bay North,12,3368,11.41,7.28,1.798
Manhattan,Sutton Place/Turtle Bay North,13,3372,11.24,7.42,1.882
Manhattan,Sutton Place/Turtle Bay North,14,3098,11.43,7.37,1.922
Manhattan,Sutton Place/Turtle Bay North,15,2891,10.4,7.92,1.948
Manhattan,Sutton Place/Turtle Bay North,16,2918,10.19,8.3,1.907
Manhattan,Sutton Place/Turtle Bay North,17,3626,10.88,8.11,1.847
Manhattan,Sutton Place/Turtle Bay North,18,4280,10.53,8.65,1.86
Manhattan,Sutton Place/Turtle Bay North,19,3419,9.73,9.87,1.918
Manhattan,Sutton Place/Turtle Bay North,20,3031,9.13,11.03,2.056
Manhattan,Sutton Place/Turtle Bay North,21,2852,8.98,11.53,2.133
Manhattan,Sutton Place/Turtle Bay North,22,2129,9.05,12.06,2.247
Manhattan,Sutton Place/Turtle Bay North,23,1601,9.25,12.72,2.358
Manhattan,Times Sq/Theatre District,0,2686,9.86,11.59,2.597
Manhattan,Times Sq/Theatre District,1,1202,9.48,12.6,2.768
Manhattan,Times Sq/Theatre District,2,662,9.88,13.56,3.299
Manhattan,Times Sq/Theatre District,3,587,12.2,15.13,5.013
Manhattan,Times Sq/Theatre District,4,626,16.08,17.24,7.108
Manhattan,Times Sq/Theatre District,5,546,20.48,19.94,8.407
Manhattan,Times Sq/Theatre District,6,922,11.82,15.14,6.494
Manhattan,Times Sq/Theatre District,7,1811,10.93,11.59,5.202
Manhattan,Times Sq/Theatre District,8,2826,11.58,9.72,3.925
Manhattan,Times Sq/Theatre District,9,3678,13.46,9.29,3.705
Manhattan,Times Sq/Theatre District,10,4483,13.83,8.91,3.585
Manhattan,Times Sq/Theatre District,11,5168,13.23,8.2,3.413
Manhattan,Times Sq/Theatre District,12,5007,13.4,7.72,3.452
Manhattan,Times Sq/Theatre District,13,5139,13.43,7.58,3.462
Manhattan,Times Sq/Theatre District,14,5391,13.47,7.6,3.549
Manhattan,Times Sq/Theatre District,15,6009,12.43,7.72,2.97
Manhattan,Times Sq/Theatre District,16,7334,12.65,7.4,2.599
Manhattan,Times Sq/Theatre District,17,8621,12.53,7.25,2.255
Manhattan,Times Sq/Theatre District,18,8912,12.23,7.41,2.044
Manhattan,Times Sq/Theatre District,19,7381,11.48,8.14,1.981
Manhattan,Times Sq/Theatre District,20,8509,11.35,9.34,2.213
Manhattan,Times Sq/Theatre District,21,12597,11.48,9.34,2.209
Manhattan,Times Sq/Theatre District,22,11619,11.58,9.47,2.286
Manhattan,Times Sq/Theatre District,23,5727,10.55,10.26,2.434
Manhattan,TriBeCa/Civic Center,0,1478,11.13,11.77,2.809
Manhattan,TriBeCa/Civic Center,1,1070,11.35,12.03,2.943
Manhattan,TriBeCa/Civic Center,2,640,10.52,12.21,2.783
Manhattan,TriBeCa/Civic Center,3,382,9.38,12.67,2.666
Manhattan,TriBeCa/Civic Center,4,247,10.35,14.95,4.016
Manhattan,TriBeCa/Civic Center,5,85,13.68,17.44,6.37
Manhattan,TriBeCa/Civic Center,6,276,12.65,14.91,4.069
Manhattan,TriBeCa/Civic Center,7,935,14.32,11.89,3.246
Manhattan,TriBeCa/Civic Center,8,1586,12.58,9.88,2.631
Manhattan,TriBeCa/Civic Center,9,1397,12.1,9.21,2.801
Manhattan,TriBeCa/Civic Center,10,1562,12.37,9.4,2.854
Manhattan,TriBeCa/Civic Center,11,1737,13.13,9.81,3.009
Manhattan,TriBeCa/Civic Center,12,1898,12.79,9.57,2.905
Manhattan,TriBeCa/Civic Center,13,1983,13.08,9.88,3.23
Manhattan,TriBeCa/Civic Center,14,2153,14.28,10.03,3.366
Manhattan,TriBeCa/Civic Center,15,2269,13.15,9.9,3.112
Manhattan,TriBeCa/Civic Center,16,2503,13.38,9.96,3.127
Manhattan,TriBeCa/Civic Center,17,3207,12.95,9.67,2.853
Manhattan,TriBeCa/Civic Center,18,3674,12.23,9.79,2.678
Manhattan,TriBeCa/Civic Center,19,3118,12.43,10.17,2.753
Manhattan,TriBeCa/Civic Center,20,2672,12.29,10.63,2.888
Manhattan,TriBeCa/Civic Center,21,2563,12.37,11.15,2.989
Manhattan,TriBeCa/Civic Center,22,2333,12.38,11.2,2.968
Manhattan,TriBeCa/Civic Center,23,2117,11.87,11.61,2.962
Manhattan,Two Bridges/Seward Park,0,322,13.09,11.18,3.18
Manhattan,Two Bridges/Seward Park,1,279,13.27,12.44,3.402
Manhattan,Two Bridges/Seward Park,2,194,13.41,13.21,3.706
Manhattan,Two Bridges/Seward Park,3,116,13.07,15.3,3.808
Manhattan,Two Bridges/Seward Park,4,100,13.28,15.26,4.326
Manhattan,Two Bridges/Seward Park,5,56,11.04,15.14,4.133
Manhattan,Two Bridges/Seward Park,6,135,14.3,15.59,4.548
Manhattan,Two Bridges/Seward Park,7,219,16.25,11.55,3.97
Manhattan,Two Bridges/Seward Park,8,300,16.49,9.88,3.42
Manhattan,Two Bridges/Seward Park,9,246,16.94,9.16,3.473
Manhattan,Two Bridges/Seward Park,10,107,14.23,10.05,3.244
Manhattan,Two Bridges/Seward Park,11,139,15.28,10.51,4.24
Manhattan,Two Bridges/Seward Park,12,164,16.88,9.9,4.087
Manhattan,Two Bridges/Seward Park,13,179,14.35,9.93,4.067
Manhattan,Two Bridges/Seward Park,14,167,14.12,9.74,3.565
Manhattan,Two Bridges/Seward Park,15,222,14.03,9.59,3.548
Manhattan,Two Bridges/Seward Park,16,189,14.05,9.16,3.735
Manhattan,Two Bridges/Seward Park,17,177,15.05,9.27,3.459
Manhattan,Two Bridges/Seward Park,18,243,13.8,9.43,3.16
Manhattan,Two Bridges/Seward Park,19,224,13.94,9.17,3.047
Manhattan,Two Bridges/Seward Park,20,251,12.25,10.06,2.939
Manhattan,Two Bridges/Seward Park,21,308,13.05,11.3,3.368
Manhattan,Two Bridges/Seward Park,22,375,13.72,10.99,3.309
Manhattan,Two Bridges/Seward Park,23,353,13.88,11.81,3.455
Manhattan,UN/Turtle Bay South,0,489,8.3,13.84,2.448
Manhattan,UN/Turtle Bay South,1,246,8.07,13.01,2.248
Manhattan,UN/Turtle Bay South,2,187,8.37,13.63,2.737
Manhattan,UN/Turtle Bay South,3,100,10.28,17.25,4.963
Manhattan,UN/Turtle Bay South,4,140,12.1,21.0,6.78
Manhattan,UN/Turtle Bay South,5,210,10.64,16.94,5.973
Manhattan,UN/Turtle Bay South,6,520,8.43,12.67,3.376
Manhattan,UN/Turtle Bay South,7,1015,9.58,10.55,3.047
Manhattan,UN/Turtle Bay South,8,1796,10.69,8.72,2.46
Manhattan,UN/Turtle Bay South,9,1738,11.53,8.45,2.454
Manhattan,UN/Turtle Bay South,10,1901,11.67,8.59,2.419
Manhattan,UN/Turtle Bay South,11,1991,12.35,8.31,2.547
Manhattan,UN/Turtle Bay South,12,2089,12.13,8.56,2.539
Manhattan,UN/Turtle Bay South,13,2001,12.1,8.53,2.669
Manhattan,UN/Turtle Bay South,14,1963,12.75,8.37,2.843
Manhattan,UN/Turtle Bay South,15,1926,12.06,8.42,2.693
Manhattan,UN/Turtle Bay South,16,2105,11.92,8.84,2.725
Manhattan,UN/Turtle Bay South,17,2651,12.07,8.42,2.194
Manhattan,UN/Turtle Bay South,18,2813,11.93,8.69,2.058
Manhattan,UN/Turtle Bay South,19,2477,10.72,9.78,2.078
Manhattan,UN/Turtle Bay South,20,1954,10.35,10.9,2.261
Manhattan,UN/Turtle Bay South,21,1518,9.85,11.59,2.302
Manhattan,UN/Turtle Bay South,22,1133,9.82,11.84,2.307
Manhattan,UN/Turtle Bay South,23,771,9.15,12.35,2.259
Manhattan,Union Sq,0,2803,10.03,11.33,2.352
Manhattan,Union Sq,1,1666,9.78,11.75,2.521
Manhattan,Union Sq,2,885,9.8,12.32,2.766
Manhattan,Union Sq,3,436,9.66,13.02,2.963
Manhattan,Union Sq,4,320,9.9,14.13,3.898
Manhattan,Union Sq,5,168,8.59,15.05,4.207
Manhattan,Union Sq,6,456,8.51,12.85,2.955
Manhattan,Union Sq,7,1312,8.19,10.5,1.906
Manhattan,Union Sq,8,2396,9.52,8.73,1.821
Manhattan,Union Sq,9,2557,9.62,8.25,1.713
Manhattan,Union Sq,10,2948,9.77,8.2,1.795
Manhattan,Union Sq,11,3676,10.29,8.04,1.781
Manhattan,Union Sq,12,4140,10.5,7.99,1.833
Manhattan,Union Sq,13,4742,10.75,8.08,1.963
Manhattan,Union Sq,14,5402,10.6,8.09,1.919
Manhattan,Union Sq,15,5487,10.58,8.24,1.892
Manhattan,Union Sq,16,5575,10.3,8.21,1.856
Manhattan,Union Sq,17,6692,10.63,7.94,1.77
Manhattan,Union Sq,18,7515,10.48,8.22,1.783
Manhattan,Union Sq,19,6747,10.38,8.67,1.825
Manhattan,Union Sq,20,6426,10.68,9.4,2.053
Manhattan,Union Sq,21,6912,10.93,9.93,2.181
Manhattan,Union Sq,22,6232,10.87,10.23,2.206
Manhattan,Union Sq,23,4382,10.33,10.76,2.262
Manhattan,Upper East Side North,0,625,7.87,13.37,2.396
Manhattan,Upper East Side North,1,324,8.21,13.9,2.558
Manhattan,Upper East Side North,2,168,8.65,14.27,2.683
Manhattan,Upper East Side North,3,81,8.15,16.03,2.892
Manhattan,Upper East Side North,4,141,11.13,17.93,5.534
Manhattan,Upper East Side North,5,441,8.9,15.92,4.213
Manhattan,Upper East Side North,6,1817,7.82,15.02,2.654
Manhattan,Upper East Side North,7,6418,8.52,11.98,2.201
Manhattan,Upper East Side North,8,9189,9.95,9.49,2.034
Manhattan,Upper East Side North,9,9353,9.12,9.44,1.883
Manhattan,Upper East Side North,10,9388,9.0,9.16,1.751
Manhattan,Upper East Side North,11,9706,9.92,8.1,1.712
Manhattan,Upper East Side North,12,10637,9.48,8.25,1.689
Manhattan,Upper East Side North,13,10416,9.63,8.25,1.761
Manhattan,Upper East Side North,14,11583,9.95,7.96,1.748
Manhattan,Upper East Side North,15,13135,10.37,7.44,1.689
Manhattan,Upper East Side North,16,11069,9.57,8.26,1.757
Manhattan,Upper East Side North,17,11768,9.32,8.57,1.752
Manhattan,Upper East Side North,18,10784,8.92,9.05,1.775
Manhattan,Upper East Side North,19,7452,8.18,9.89,1.826
Manhattan,Upper East Side North,20,5630,8.13,10.64,2.007
Manhattan,Upper East Side North,21,4730,8.32,11.12,2.119
Manhattan,Upper East Side North,22,2758,8.4,11.59,2.253
Manhattan,Upper East Side North,23,1348,8.04,12.94,2.389
Manhattan,Upper East Side South,0,1518,8.08,12.52,2.196
Manhattan,Upper East Side South,1,759,8.18,12.83,2.307
Manhattan,Upper East Side South,2,323,7.47,13.09,2.109
Manhattan,Upper East Side South,3,162,7.67,13.88,2.44
Manhattan,Upper East Side South,4,162,9.48,14.7,3.754
Manhattan,Upper East Side South,5,296,6.73,13.98,3.564
Manhattan,Upper East Side South,6,1103,6.55,12.71,2.393
Manhattan,Upper East Side South,7,4244,8.38,9.63,1.797
Manhattan,Upper East Side South,8,6361,8.63,8.33,1.6
Manhattan,Upper East Side South,9,7438,8.72,7.88,1.565
Manhattan,Upper East Side South,10,8510,9.07,7.79,1.565
Manhattan,Upper East Side South,11,9884,9.33,7.47,1.573
Manhattan,Upper East Side South,12,10753,9.17,7.66,1.57
Manhattan,Upper East Side South,13,11270,9.48,7.71,1.662
Manhattan,Upper East Side South,14,12817,9.83,7.48,1.562
Manhattan,Upper East Side South,15,12360,9.72,7.63,1.602
Manhattan,Upper East Side South,16,11417,9.32,8.07,1.594
Manhattan,Upper East Side South,17,11983,9.25,8.31,1.639
Manhattan,Upper East Side South,18,11850,8.83,8.69,1.639
Manhattan,Upper East Side South,19,9212,8.27,9.55,1.697
Manhattan,Upper East Side South,20,8089,8.02,10.29,1.802
Manhattan,Upper East Side South,21,7899,7.95,10.72,1.861
Manhattan,Upper East Side South,22,5585,8.18,10.97,1.986
Manhattan,Upper East Side South,23,3173,8.33,11.99,2.206
Manhattan,Upper West Side North,0,517,9.1,12.55,2.511
Manhattan,Upper West Side North,1,297,8.7,12.91,2.65
Manhattan,Upper West Side North,2,146,8.96,12.06,2.68
Manhattan,Upper West Side North,3,105,7.93,14.07,3.188
Manhattan,Upper West Side North,4,138,11.8,18.05,6.364
Manhattan,Upper West Side North,5,405,11.18,15.96,4.644
Manhattan,Upper West Side North,6,1253,10.57,14.71,3.414
Manhattan,Upper West Side North,7,2887,11.92,11.75,2.775
Manhattan,Upper West Side North,8,4309,12.2,9.92,2.394
Manhattan,Upper West Side North,9,4469,10.48,10.34,2.26
Manhattan,Upper West Side North,10,4336,9.56,9.93,2.054
Manhattan,Upper West Side North,11,4306,9.45,9.37,1.978
Manhattan,Upper West Side North,12,4467,9.13,9.38,1.985
Manhattan,Upper West Side North,13,4250,9.52,9.32,1.985
Manhattan,Upper West Side North,14,4438,9.78,8.95,1.964
Manhattan,Upper West Side North,15,5258,10.08,8.67,1.853
Manhattan,Upper West Side North,16,3962,8.62,9.37,1.82
Manhattan,Upper West Side North,17,4490,8.92,9.38,1.842
Manhattan,Upper West Side North,18,4510,8.87,9.82,1.945
Manhattan,Upper West Side North,19,3391,8.7,10.33,1.985
Manhattan,Upper West Side North,20,2318,8.4,11.02,2.154
Manhattan,Upper West Side North,21,2028,8.58,11.13,2.124
Manhattan,Upper West Side North,22,1453,9.17,11.61,2.293
Manhattan,Upper West Side North,23,975,9.25,12.7,2.639
Manhattan,Upper West Side South,0,1079,9.62,12.75,2.525
Manhattan,Upper West Side South,1,636,9.43,13.02,2.431
Manhattan,Upper West Side South,2,276,8.81,13.37,2.726
Manhattan,Upper West Side South,3,125,8.9,14.08,3.237
Manhattan,Upper West Side South,4,173,10.83,18.02,6.047
Manhattan,Upper West Side South,5,425,10.9,15.84,5.16
Manhattan,Upper West Side South,6,1219,10.2,13.71,3.42
Manhattan,Upper West Side South,7,3320,11.03,11.08,2.585
Manhattan,Upper West Side South,8,4664,11.55,9.56,2.272
Manhattan,Upper West Side South,9,5079,10.57,9.57,2.184
Manhattan,Upper West Side South,10,5147,10.1,9.34,2.022
Manhattan,Upper West Side South,11,5395,9.7,9.09,1.954
Manhattan,Upper West Side South,12,6096,9.62,9.1,1.947
Manhattan,Upper West Side South,13,6257,10.03,8.95,1.992
Manhattan,Upper West Side South,14,6388,9.81,8.74,1.978
Manhattan,Upper West Side South,15,6559,10.02,8.7,1.883
Manhattan,Upper West Side South,16,6124,9.65,9.07,1.932
Manhattan,Upper West Side South,17,6829,9.68,9.11,1.881
Manhattan,Upper West Side South,18,6249,9.05,9.41,1.856
Manhattan,Upper West Side South,19,5150,8.38,10.1,1.814
Manhattan,Upper West Side South,20,4365,8.38,10.95,1.964
Manhattan,Upper West Side South,21,4758,9.38,11.07,2.148
Manhattan,Upper West Side South,22,3266,9.75,11.56,2.315
Manhattan,Upper West Side South,23,1826,9.18,12.63,2.434
Manhattan,Washington Heights North,0,23,12.37,18.2,4.443
Manhattan,Washington Heights North,1,15,11.87,18.37,3.815
Manhattan,Washington Heights North,2,7,9.25,10.57,2.427
Manhattan,Washington Heights North,3,9,16.12,18.18,5.841
Manhattan,Washington Heights North,4,8,11.61,12.41,4.061
Manhattan,Washington Heights North,5,8,18.98,29.96,12.554
Manhattan,Washington Heights North,6,22,21.74,21.5,7.278
Manhattan,Washington Heights North,7,96,25.13,13.72,6.778
Manhattan,Washington Heights North,8,81,25.78,13.5,6.664
Manhattan,Washington Heights North,9,36,18.0,12.36,5.576
Manhattan,Washington Heights North,10,41,19.53,11.95,6.148
Manhattan,Washington Heights North,11,30,28.21,12.19,6.286
Manhattan,Washington Heights North,12,40,23.31,12.7,6.003
Manhattan,Washington Heights North,13,49,19.9,15.08,5.139
Manhattan,Washington Heights North,14,54,21.63,15.17,6.588
Manhattan,Washington Heights North,15,40,16.07,10.9,4.539
Manhattan,Washington Heights North,16,35,16.45,15.78,6.177
Manhattan,Washington Heights North,17,33,22.0,15.07,6.018
Manhattan,Washington Heights North,18,63,18.28,14.68,4.964
Manhattan,Washington Heights North,19,42,20.34,17.46,5.759
Manhattan,Washington Heights North,20,38,13.88,15.91,4.627
Manhattan,Washington Heights North,21,33,14.37,19.67,5.487
Manhattan,Washington Heights North,22,45,13.37,17.51,4.672
Manhattan,Washington Heights North,23,45,15.5,19.29,5.179
Manhattan,Washington Heights South,0,53,10.63,16.14,3.554
Manhattan,Washington Heights South,1,28,10.83,13.92,3.76
Manhattan,Washington Heights South,2,20,9.18,11.21,2.925
Manhattan,Washington Heights South,3,13,14.23,15.81,4.842
Manhattan,Washington Heights South,4,27,12.35,18.8,4.503
Manhattan,Washington Heights South,5,25,17.55,20.58,6.886
Manhattan,Washington Heights South,6,56,20.13,15.92,6.233
Manhattan,Washington Heights South,7,275,20.35,14.92,5.485
Manhattan,Washington Heights South,8,216,18.48,13.74,4.824
Manhattan,Washington Heights South,9,134,16.53,11.87,4.715
Manhattan,Washington Heights South,10,106,19.93,14.72,6.37
Manhattan,Washington Heights South,11,118,19.18,14.6,5.741
Manhattan,Washington Heights South,12,151,20.2,11.66,5.552
Manhattan,Washington Heights South,13,141,20.3,12.14,5.491
Manhattan,Washington Heights South,14,158,18.5,12.84,5.028
Manhattan,Washington Heights South,15,168,19.58,12.77,5.355
Manhattan,Washington Heights South,16,130,18.1,11.22,4.654
Manhattan,Washington Heights South,17,164,17.97,13.06,5.004
Manhattan,Washington Heights South,18,171,15.93,12.61,4.164
Manhattan,Washington Heights South,19,121,16.28,14.29,4.318
Manhattan,Washington Heights South,20,89,13.35,16.19,4.317
Manhattan,Washington Heights South,21,65,13.68,18.39,4.451
Manhattan,Washington Heights South,22,88,13.01,20.08,4.448
Manhattan,Washington Heights South,23,114,12.18,14.86,3.887
Manhattan,West Chelsea/Hudson Yards,0,992,11.28,11.35,2.56
Manhattan,West Chelsea/Hudson Yards,1,1012,11.54,12.02,2.687
Manhattan,West Chelsea/Hudson Yards,2,1155,10.32,12.26,2.585
Manhattan,West Chelsea/Hudson Yards,3,1157,8.67,13.04,2.617
Manhattan,West Chelsea/Hudson Yards,4,421,8.68,13.57,2.931
Manhattan,West Chelsea/Hudson Yards,5,56,11.51,16.02,5.436
Manhattan,West Chelsea/Hudson Yards,6,161,11.3,12.24,3.156
Manhattan,West Chelsea/Hudson Yards,7,562,11.73,9.27,2.392
Manhattan,West Chelsea/Hudson Yards,8,1075,12.87,8.44,2.093
Manhattan,West Chelsea/Hudson Yards,9,1242,13.32,7.78,2.107
Manhattan,West Chelsea/Hudson Yards,10,1631,13.23,8.56,2.238
Manhattan,West Chelsea/Hudson Yards,11,2299,12.48,8.74,2.196
Manhattan,West Chelsea/Hudson Yards,12,2840,12.68,8.8,2.404
Manhattan,West Chelsea/Hudson Yards,13,3549,12.75,8.65,2.376
Manhattan,West Chelsea/Hudson Yards,14,4281,12.72,8.73,2.456
Manhattan,West Chelsea/Hudson Yards,15,4825,12.78,8.79,2.363
Manhattan,West Chelsea/Hudson Yards,16,5064,12.52,8.65,2.237
Manhattan,West Chelsea/Hudson Yards,17,5775,12.67,8.53,2.079
Manhattan,West Chelsea/Hudson Yards,18,5514,12.43,8.8,2.078
Manhattan,West Chelsea/Hudson Yards,19,4328,11.81,9.31,2.097
Manhattan,West Chelsea/Hudson Yards,20,4071,11.52,10.15,2.302
Manhattan,West Chelsea/Hudson Yards,21,3395,11.87,10.7,2.475
Manhattan,West Chelsea/Hudson Yards,22,2689,11.93,10.93,2.58
Manhattan,West Chelsea/Hudson Yards,23,1526,11.71,11.33,2.639
Manhattan,West Village,0,5554,10.76,10.85,2.355
Manhattan,West Village,1,4650,10.58,11.5,2.444
Manhattan,West Village,2,3256,10.27,12.14,2.546
Manhattan,West Village,3,1928,10.12,13.06,2.751
Manhattan,West Village,4,705,10.18,13.91,3.349
Manhattan,West Village,5,217,8.32,15.36,3.802
Manhattan,West Village,6,589,9.08,13.6,2.702
Manhattan,West Village,7,1298,10.33,11.35,2.286
Manhattan,West Village,8,2118,11.07,9.18,2.027
Manhattan,West Village,9,1958,9.63,8.81,1.982
Manhattan,West Village,10,1717,9.25,8.67,1.783
Manhattan,West Village,11,1769,9.43,8.62,1.803
Manhattan,West Village,12,1990,9.65,8.46,1.797
Manhattan,West Village,13,2243,10.13,8.39,1.863
Manhattan,West Village,14,2540,10.1,8.42,1.835
Manhattan,West Village,15,2623,10.2,8.5,1.899
Manhattan,West Village,16,2554,9.9,8.58,1.798
Manhattan,West Village,17,2941,10.15,8.29,1.809
Manhattan,West Village,18,3744,10.32,8.26,1.753
Manhattan,West Village,19,4057,11.0,8.58,1.947
Manhattan,West Village,20,4733,11.6,9.06,2.173
Manhattan,West Village,21,6068,11.57,9.72,2.25
Manhattan,West Village,22,6673,11.45,9.79,2.284
Manhattan,West Village,23,6678,11.17,10.3,2.294
Manhattan,World Trade Center,0,254,16.08,14.62,4.768
Manhattan,World Trade Center,1,119,13.62,14.56,3.788
Manhattan,World Trade Center,2,62,14.21,15.81,4.179
Manhattan,World Trade Center,3,42,15.0,17.36,5.595
Manhattan,World Trade Center,4,38,13.49,19.33,6.725
Manhattan,World Trade Center,5,46,17.33,24.34,9.693
Manhattan,World Trade Center,6,72,14.53,15.7,6.303
Manhattan,World Trade Center,7,153,14.1,14.1,5.158
Manhattan,World Trade Center,8,327,13.82,11.89,4.005
Manhattan,World Trade Center,9,390,14.53,11.27,3.943
Manhattan,World Trade Center,10,494,15.73,10.93,3.987
Manhattan,World Trade Center,11,800,15.42,11.37,3.815
Manhattan,World Trade Center,12,920,16.46,11.29,3.95
Manhattan,World Trade Center,13,1014,17.23,11.02,4.215
Manhattan,World Trade Center,14,1250,17.7,10.83,4.115
Manhattan,World Trade Center,15,1244,18.35,11.07,4.195
Manhattan,World Trade Center,16,1332,17.77,11.14,4.107
Manhattan,World Trade Center,17,1415,17.35,10.59,3.8
Manhattan,World Trade Center,18,1435,16.13,11.29,3.592
Manhattan,World Trade Center,19,1139,15.0,11.77,3.485
Manhattan,World Trade Center,20,809,15.05,12.32,3.747
Manhattan,World Trade Center,21,600,14.8,12.8,3.758
Manhattan,World Trade Center,22,512,14.4,13.36,3.88
Manhattan,World Trade Center,23,400,15.06,13.86,4.307
Manhattan,Yorkville East,0,212,9.58,14.5,2.965
Manhattan,Yorkville East,1,118,10.28,13.08,2.914
Manhattan,Yorkville East,2,86,10.18,15.21,3.086
Manhattan,Yorkville East,3,57,7.35,15.46,3.851
Manhattan,Yorkville East,4,143,11.53,19.73,5.624
Manhattan,Yorkville East,5,518,9.4,16.93,4.579
Manhattan,Yorkville East,6,1586,8.48,14.04,2.663
Manhattan,Yorkville East,7,3369,9.53,11.81,2.435
Manhattan,Yorkville East,8,3926,11.1,10.17,2.502
Manhattan,Yorkville East,9,3959,10.53,10.22,2.458
Manhattan,Yorkville East,10,3447,10.4,9.41,2.126
Manhattan,Yorkville East,11,3100,10.48,9.02,2.098
Manhattan,Yorkville East,12,3106,10.07,8.95,2.075
Manhattan,Yorkville East,13,2766,9.97,8.95,2.173
Manhattan,Yorkville East,14,2759,9.85,8.63,2.044
Manhattan,Yorkville East,15,3249,10.45,8.08,1.978
Manhattan,Yorkville East,16,2597,9.35,8.67,1.99
Manhattan,Yorkville East,17,3002,9.95,8.95,2.068
Manhattan,Yorkville East,18,2843,9.87,9.35,2.105
Manhattan,Yorkville East,19,2088,9.77,10.3,2.203
Manhattan,Yorkville East,20,1328,9.1,11.12,2.375
Manhattan,Yorkville East,21,860,9.38,11.36,2.386
Manhattan,Yorkville East,22,609,9.13,12.05,2.606
Manhattan,Yorkville East,23,411,8.23,13.4,2.465
Manhattan,Yorkville West,0,1202,7.88,14.1,2.428
Manhattan,Yorkville West,1,820,7.29,14.25,2.344
Manhattan,Yorkville West,2,520,6.82,14.5,2.397
Manhattan,Yorkville West,3,328,6.4,15.5,2.603
Manhattan,Yorkville West,4,305,7.83,17.46,3.822
Manhattan,Yorkville West,5,553,9.53,17.56,4.363
Manhattan,Yorkville West,6,1616,8.73,14.54,2.857
Manhattan,Yorkville West,7,2930,9.52,11.96,2.608
Manhattan,Yorkville West,8,3603,10.72,9.97,2.421
Manhattan,Yorkville West,9,3642,9.62,9.96,2.166
Manhattan,Yorkville West,10,3459,8.93,9.39,1.867
Manhattan,Yorkville West,11,3361,9.38,8.73,1.87
Manhattan,Yorkville West,12,3650,8.96,8.88,1.892
Manhattan,Yorkville West,13,3451,9.15,8.83,1.964
Manhattan,Yorkville West,14,3831,8.98,8.6,1.858
Manhattan,Yorkville West,15,3807,9.15,8.16,1.823
Manhattan,Yorkville West,16,3572,7.93,8.79,1.746
Manhattan,Yorkville West,17,4029,8.52,9.23,1.817
Manhattan,Yorkville West,18,4242,8.82,9.73,1.891
Manhattan,Yorkville West,19,3721,8.25,10.51,1.957
Manhattan,Yorkville West,20,3428,7.84,11.23,1.955
Manhattan,Yorkville West,21,3125,7.82,11.54,2.018
Manhattan,Yorkville West,22,2547,8.12,12.22,2.201
Manhattan,Yorkville West,23,1778,8.33,13.47,2.381
Queens,Astoria,0,98,16.0,14.53,5.071
Queens,Astoria,1,77,14.68,14.8,4.658
Queens,Astoria,2,72,14.73,15.29,4.68
Queens,Astoria,3,54,16.83,17.19,5.143
Queens,Astoria,4,105,14.77,14.33,4.953
Queens,Astoria,5,67,17.67,14.66,5.54
Queens,Astoria,6,102,17.93,13.29,5.53
Queens,Astoria,7,223,24.25,10.57,5.04
Queens,Astoria,8,234,22.74,9.95,4.539
Queens,Astoria,9,102,15.64,10.98,4.049
Queens,Astoria,10,90,15.24,12.74,4.576
Queens,Astoria,11,115,16.38,10.67,3.928
Queens,Astoria,12,108,15.84,10.55,3.746
Queens,Astoria,13,109,13.68,10.66,3.819
Queens,Astoria,14,110,17.4,10.02,4.424
Queens,Astoria,15,114,15.08,10.33,3.733
Queens,Astoria,16,81,15.92,9.62,4.053
Queens,Astoria,17,98,14.3,9.78,3.606
Queens,Astoria,18,108,17.03,10.37,4.01
Queens,Astoria,19,85,14.48,11.26,3.911
Queens,Astoria,20,90,16.23,12.04,4.203
Queens,Astoria,21,100,16.58,13.74,4.652
Queens,Astoria,22,118,17.09,14.19,4.772
Queens,Astoria,23,108,16.11,16.99,5.752
Queens,Astoria Park,2,2,7.96,17.79,3.15
Queens,Astoria Park,5,1,14.77,46.65,11.48
Queens,Astoria Park,6,2,11.05,42.12,6.74
Queens,Astoria Park,8,1,47.98,10.75,8.6
Queens,Astoria Park,10,1,31.17,9.63,5.0
Queens,Astoria Park,13,1,13.72,8.05,1.84
Queens,Astoria Park,14,1,29.73,12.93,6.41
Queens,Astoria Park,16,3,26.07,15.24,7.203
Queens,Astoria Park,17,1,4.02,4.48,0.3
Queens,Astoria Park,18,1,11.02,33.0,6.06
Queens,Astoria Park,22,2,12.74,23.16,4.82
Queens,Astoria Park,23,1,9.05,20.69,3.12
Queens,Auburndale,0,5,21.67,25.62,10.39
Queens,Auburndale,1,1,6.57,13.34,1.46
Queens,Auburndale,5,2,26.26,18.74,8.885
Queens,Auburndale,6,9,26.15,20.51,9.843
Queens,Auburndale,7,7,9.77,12.43,4.376
Queens,Auburndale,8,7,11.25,14.23,5.543
Queens,Auburndale,9,7,35.92,18.76,10.657
Queens,Auburndale,10,3,19.27,20.54,7.153
Queens,Auburndale,11,9,39.57,15.51,10.294
Queens,Auburndale,12,13,14.75,9.76,3.095
Queens,Auburndale,13,2,37.1,8.92,4.335
Queens,Auburndale,14,4,25.79,10.76,6.003
Queens,Auburndale,15,2,31.19,20.97,10.03
Queens,Auburndale,16,1,34.93,8.24,4.8
Queens,Auburndale,18,2,21.64,11.06,3.8
Queens,Auburndale,19,5,31.27,20.59,11.78
Queens,Auburndale,20,2,15.56,18.74,5.3
Queens,Auburndale,21,1,41.37,22.87,15.77
Queens,Auburndale,22,4,16.63,20.5,10.983
Queens,Auburndale,23,3,8.23,17.49,3.687
Queens,Baisley Park,0,17,24.62,27.79,12.386
Queens,Baisley Park,1,18,22.75,21.25,8.736
Queens,Baisley Park,2,7,14.13,20.55,7.953
Queens,Baisley Park,3,13,22.03,22.22,7.422
Queens,Baisley Park,4,12,25.61,25.95,12.675
Queens,Baisley Park,5,40,33.11,16.36,10.307
Queens,Baisley Park,6,61,31.47,16.41,9.873
Queens,Baisley Park,7,129,27.2,13.56,8.531
Queens,Baisley Park,8,90,28.28,14.72,8.603
Queens,Baisley Park,9,48,31.17,18.34,9.552
Queens,Baisley Park,10,32,28.79,16.4,10.05
Queens,Baisley Park,11,31,30.68,20.05,11.068
Queens,Baisley Park,12,34,27.65,19.83,9.801
Queens,Baisley Park,13,51,27.0,20.61,9.385
Queens,Baisley Park,14,63,23.92,15.1,8.38
Queens,Baisley Park,15,60,39.43,17.87,11.414
Queens,Baisley Park,16,80,47.68,18.71,14.668
Queens,Baisley Park,17,36,39.48,20.18,13.507
Queens,Baisley Park,18,35,38.03,21.91,11.371
Queens,Baisley Park,19,47,27.08,25.69,11.041
Queens,Baisley Park,20,48,25.64,27.65,11.307
Queens,Baisley Park,21,46,24.97,29.79,11.123
Queens,Baisley Park,22,57,24.52,23.76,10.845
Queens,Baisley Park,23,51,21.1,26.33,9.926
Queens,Bay Terrace/Fort Totten,0,1,12.23,54.83,11.18
Queens,Bay Terrace/Fort Totten,1,2,22.75,32.5,12.89
Queens,Bay Terrace/Fort Totten,2,2,19.67,27.1,7.795
Queens,Bay Terrace/Fort Totten,5,1,30.65,37.74,19.28
Queens,Bay Terrace/Fort Totten,6,1,31.27,18.04,9.4
Queens,Bay Terrace/Fort Totten,7,5,29.83,14.0,9.5
Queens,Bay Terrace/Fort Totten,8,5,16.93,19.86,7.696
Queens,Bay Terrace/Fort Totten,9,3,30.97,13.8,10.11
Queens,Bay Terrace/Fort Totten,10,2,11.32,26.45,6.745
Queens,Bay Terrace/Fort Totten,11,10,32.82,21.69,10.251
Queens,Bay Terrace/Fort Totten,12,1,2.25,19.47,0.73
Queens,Bay Terrace/Fort Totten,13,4,16.93,26.56,7.735
Queens,Bay Terrace/Fort Totten,14,9,30.55,19.28,8.263
Queens,Bay Terrace/Fort Totten,15,4,11.73,17.26,5.318
Queens,Bay Terrace/Fort Totten,16,1,15.0,23.8,5.95
Queens,Bay Terrace/Fort Totten,17,3,28.98,20.14,9.797
Queens,Bay Terrace/Fort Totten,18,4,33.97,18.16,9.605
Queens,Bay Terrace/Fort Totten,19,5,27.68,19.84,9.194
Queens,Bay Terrace/Fort Totten,20,2,14.67,13.82,3.485
Queens,Bay Terrace/Fort Totten,21,1,6.28,15.28,1.6
Queens,Bay Terrace/Fort Totten,22,2,25.3,26.25,11.365
Queens,Bay Terrace/Fort Totten,23,4,29.17,25.92,11.673
Queens,Bayside,0,7,14.82,26.56,6.831
Queens,Bayside,1,9,20.9,26.91,8.812
Queens,Bayside,2,7,12.57,22.55,4.66
Queens,Bayside,3,2,12.52,25.56,5.5
Queens,Bayside,4,1,4.35,3.45,0.25
Queens,Bayside,6,2,29.48,15.2,7.935
Queens,Bayside,7,3,42.37,16.99,11.15
Queens,Bayside,8,7,19.3,11.83,8.52
Queens,Bayside,9,3,51.35,15.77,13.19
Queens,Bayside,10,4,45.53,9.81,6.705
Queens,Bayside,11,4,10.42,17.21,3.063
Queens,Bayside,12,4,45.4,8.81,7.455
Queens,Bayside,13,4,41.23,12.64,10.555
Queens,Bayside,14,3,42.08,21.8,11.763
Queens,Bayside,15,4,84.7,7.08,10.4
Queens,Bayside,16,2,46.83,18.26,13.35
Queens,Bayside,17,2,33.16,20.72,10.17
Queens,Bayside,18,6,23.7,20.46,9.232
Queens,Bayside,20,3,21.07,24.27,8.933
Queens,Bayside,21,6,15.38,25.21,6.943
Queens,Bayside,22,6,17.38,27.58,7.21
Queens,Bayside,23,9,12.72,24.0,5.79
Queens,Bellerose,0,3,15.5,35.04,11.0
Queens,Bellerose,1,6,13.5,37.52,8.575
Queens,Bellerose,2,3,20.13,36.03,11.717
Queens,Bellerose,3,4,35.19,20.61,15.63
Queens,Bellerose,4,1,19.4,25.98,8.4
Queens,Bellerose,5,17,16.62,29.23,7.65
Queens,Bellerose,6,15,17.18,21.01,8.242
Queens,Bellerose,7,12,15.92,18.29,7.589
Queens,Bellerose,8,9,27.77,19.51,11.399
Queens,Bellerose,9,13,42.8,19.13,10.366
Queens,Bellerose,10,8,32.26,17.87,12.309
Queens,Bellerose,11,8,27.34,15.53,10.265
Queens,Bellerose,12,6,36.0,22.4,12.468
Queens,Bellerose,13,14,19.3,15.55,8.782
Queens,Bellerose,14,12,31.08,18.23,10.793
Queens,Bellerose,15,6,31.58,17.7,9.787
Queens,Bellerose,16,4,14.64,15.56,3.79
Queens,Bellerose,17,5,25.0,12.86,7.064
Queens,Bellerose,18,3,14.28,22.43,4.78
Queens,Bellerose,19,3,20.88,16.29,4.487
Queens,Bellerose,20,7,7.63,13.81,5.854
Queens,Bellerose,21,8,14.18,33.29,8.681
Queens,Bellerose,22,13,15.57,26.06,8.572
Queens,Bellerose,23,11,19.05,29.22,8.525
Queens,Breezy Point/Fort Tilden/Riis Beach,10,1,48.9,31.04,25.3
Queens,Breezy Point/Fort Tilden/Riis Beach,16,1,54.12,12.42,11.2
Queens,Briarwood/Jamaica Hills,0,31,17.28,20.5,6.751
Queens,Briarwood/Jamaica Hills,1,15,15.47,21.84,7.079
Queens,Briarwood/Jamaica Hills,2,9,13.82,17.83,5.786
Queens,Briarwood/Jamaica Hills,3,10,20.82,28.23,9.922
Queens,Briarwood/Jamaica Hills,4,13,18.0,28.46,9.126
Queens,Briarwood/Jamaica Hills,5,23,26.52,21.53,9.079
Queens,Briarwood/Jamaica Hills,6,41,27.5,20.54,9.639
Queens,Briarwood/Jamaica Hills,7,62,22.39,12.65,6.343
Queens,Briarwood/Jamaica Hills,8,45,21.85,11.45,6.868
Queens,Briarwood/Jamaica Hills,9,22,36.11,14.89,9.178
Queens,Briarwood/Jamaica Hills,10,16,21.73,18.33,8.527
Queens,Briarwood/Jamaica Hills,11,13,33.53,15.59,7.021
Queens,Briarwood/Jamaica Hills,12,19,22.33,26.78,9.607
Queens,Briarwood/Jamaica Hills,13,25,20.45,21.54,7.417
Queens,Briarwood/Jamaica Hills,14,38,19.77,13.29,5.252
Queens,Briarwood/Jamaica Hills,15,18,30.27,10.27,8.101
Queens,Briarwood/Jamaica Hills,16,25,23.22,19.15,9.118
Queens,Briarwood/Jamaica Hills,17,11,17.83,11.49,4.929
Queens,Briarwood/Jamaica Hills,18,13,19.75,14.93,6.263
Queens,Briarwood/Jamaica Hills,19,21,18.28,21.68,7.686
Queens,Briarwood/Jamaica Hills,20,15,20.33,29.39,10.349
Queens,Briarwood/Jamaica Hills,21,24,20.46,28.46,9.373
Queens,Briarwood/Jamaica Hills,22,37,17.55,28.55,9.202
Queens,Briarwood/Jamaica Hills,23,35,15.98,28.15,7.019
Queens,Broad Channel,0,1,35.82,35.51,21.2
Queens,Broad Channel,8,1,20.6,34.98,12.01
Queens,Broad Channel,10,1,50.43,20.28,17.05
Queens,Broad Channel,11,1,34.68,18.04,10.43
Queens,Broad Channel,15,1,15.02,19.34,4.84
Queens,Broad Channel,16,1,20.4,0.03,0.01
Queens,Broad Channel,19,1,20.12,7.46,2.5
Queens,Broad Channel,23,2,23.47,19.65,7.68
Queens,Cambria Heights,0,2,23.79,24.86,9.91
Queens,Cambria Heights,1,1,6.58,10.66,1.17
Queens,Cambria Heights,3,3,32.8,15.51,11.877
Queens,Cambria Heights,4,9,46.65,17.04,13.063
Queens,Cambria Heights,5,22,43.98,18.14,12.421
Queens,Cambria Heights,6,17,59.7,15.52,12.894
Queens,Cambria Heights,7,17,40.48,14.85,9.646
Queens,Cambria Heights,8,15,21.3,14.01,8.769
Queens,Cambria Heights,9,6,52.09,20.64,15.383
Queens,Cambria Heights,10,8,57.33,12.81,13.051
Queens,Cambria Heights,11,7,59.47,15.03,13.906
Queens,Cambria Heights,12,5,60.23,20.72,19.374
Queens,Cambria Heights,13,12,25.9,12.74,8.347
Queens,Cambria Heights,14,12,23.08,16.11,7.748
Queens,Cambria Heights,15,6,74.44,15.38,15.297
Queens,Cambria Heights,16,4,29.26,17.2,8.255
Queens,Cambria Heights,17,3,55.22,20.3,17.513
Queens,Cambria Heights,18,1,107.32,8.95,16.0
Queens,Cambria Heights,19,2,45.85,13.8,9.8
Queens,Cambria Heights,20,4,42.77,25.01,15.823
Queens,Cambria Heights,21,3,36.62,22.87,11.297
Queens,Cambria Heights,22,9,27.38,21.72,10.597
Queens,Cambria Heights,23,8,17.8,30.9,10.964
Queens,College Point,0,10,14.89,21.63,6.834
Queens,College Point,1,5,22.95,28.1,13.618
Queens,College Point,2,2,14.36,19.47,4.785
Queens,College Point,3,2,14.74,30.74,7.41
Queens,College Point,4,3,20.47,25.48,10.097
Queens,College Point,5,2,12.3,17.39,3.595
Queens,College Point,6,6,21.83,16.06,6.857
Queens,College Point,7,11,25.03,13.85,7.293
Queens,College Point,8,10,30.23,15.7,7.849
Queens,College Point,9,12,28.13,20.42,9.289
Queens,College Point,10,8,24.29,19.18,8.043
Queens,College Point,11,7,42.93,13.56,8.381
Queens,College Point,12,5,25.33,22.35,11.314
Queens,College Point,13,8,30.56,18.38,8.954
Queens,College Point,14,8,41.83,11.68,7.19
Queens,College Point,15,11,28.55,20.01,7.434
Queens,College Point,16,5,28.17,12.26,6.398
Queens,College Point,17,5,21.82,20.04,5.724
Queens,College Point,18,7,25.18,17.44,6.971
Queens,College Point,19,4,11.93,10.34,4.32
Queens,College Point,20,8,21.96,21.04,8.794
Queens,College Point,21,7,18.63,14.49,6.967
Queens,College Point,22,16,18.27,22.85,7.556
Queens,College Point,23,12,22.12,26.19,10.428
Queens,Corona,0,36,16.01,24.91,6.146
Queens,Corona,1,10,14.93,27.4,5.786
Queens,Corona,2,14,9.73,12.96,3.951
Queens,Corona,3,16,12.66,21.23,4.419
Queens,Corona,4,42,15.28,17.99,5.842
Queens,Corona,5,66,20.6,18.65,7.721
Queens,Corona,6,96,21.76,18.77,8.089
Queens,Corona,7,136,26.44,15.13,7.403
Queens,Corona,8,118,27.33,13.12,7.102
Queens,Corona,9,58,33.82,14.69,7.884
Queens,Corona,10,22,20.77,18.08,7.709
Queens,Corona,11,28,32.78,15.16,7.939
Queens,Corona,12,22,42.97,9.87,7.23
Queens,Corona,13,54,24.88,15.06,6.676
Queens,Corona,14,62,25.78,13.58,6.796
Queens,Corona,15,56,33.35,9.95,7.061
Queens,Corona,16,32,21.82,12.92,6.471
Queens,Corona,17,38,24.57,11.01,5.436
Queens,Corona,18,14,15.73,10.22,2.711
Queens,Corona,19,22,16.53,15.49,5.133
Queens,Corona,20,30,18.02,23.64,6.635
Queens,Corona,21,32,21.83,20.99,7.688
Queens,Corona,22,44,15.87,27.16,7.533
Queens,Corona,23,54,19.83,24.34,7.904
Queens,Douglaston,0,3,13.73,30.88,6.243
Queens,Douglaston,1,6,19.01,30.27,8.498
Queens,Douglaston,2,2,27.06,24.26,8.94
Queens,Douglaston,3,3,24.97,33.94,14.89
Queens,Douglaston,5,3,17.67,26.03,8.357
Queens,Douglaston,6,5,35.85,29.99,18.244
Queens,Douglaston,7,2,29.18,18.71,8.84
Queens,Douglaston,8,6,37.67,19.41,11.492
Queens,Douglaston,9,6,20.02,23.82,9.342
Queens,Douglaston,10,1,119.97,12.16,24.31
Queens,Douglaston,11,1,38.92,12.95,8.4
Queens,Douglaston,12,2,26.32,17.17,7.95
Queens,Douglaston,13,5,28.02,19.41,9.598
Queens,Douglaston,14,1,21.63,26.07,9.4
Queens,Douglaston,15,1,9.7,13.73,2.22
Queens,Douglaston,16,5,16.37,25.11,7.462
Queens,Douglaston,17,1,45.5,15.56,11.8
Queens,Douglaston,18,2,31.37,13.0,7.85
Queens,Douglaston,19,3,9.48,26.85,7.17
Queens,Douglaston,20,3,12.28,35.51,6.23
Queens,Douglaston,21,1,6.5,22.98,2.49
Queens,Douglaston,22,8,18.02,31.63,9.169
Queens,Douglaston,23,7,17.05,42.66,11.601
Queens,East Elmhurst,0,311,18.28,29.24,8.93
Queens,East Elmhurst,1,115,17.1,30.02,8.841
Queens,East Elmhurst,2,29,18.67,31.54,9.481
Queens,East Elmhurst,3,7,15.25,28.26,7.529
Queens,East Elmhurst,4,18,17.87,27.53,9.131
Queens,East Elmhurst,5,20,20.4,20.82,7.271
Queens,East Elmhurst,6,25,21.87,16.76,7.844
Queens,East Elmhurst,7,106,30.07,18.44,8.919
Queens,East Elmhurst,8,237,32.03,17.5,9.259
Queens,East Elmhurst,9,462,28.63,19.67,9.548
Queens,East Elmhurst,10,516,27.31,21.08,9.727
Queens,East Elmhurst,11,480,27.15,21.59,9.692
Queens,East Elmhurst,12,581,25.7,22.18,9.58
Queens,East Elmhurst,13,457,26.0,21.92,9.46
Queens,East Elmhurst,14,696,29.45,19.29,9.481
Queens,East Elmhurst,15,766,29.36,18.78,9.268
Queens,East Elmhurst,16,626,29.44,18.74,9.142
Queens,East Elmhurst,17,587,28.18,19.65,9.308
Queens,East Elmhurst,18,552,24.78,22.23,9.231
Queens,East Elmhurst,19,470,22.72,25.3,9.518
Queens,East Elmhurst,20,528,20.94,26.43,9.371
Queens,East Elmhurst,21,566,20.65,26.91,9.361
Queens,East Elmhurst,22,477,19.35,27.54,9.003
Queens,East Elmhurst,23,457,19.33,28.54,9.034
Queens,East Flushing,0,2,16.23,15.83,5.415
Queens,East Flushing,1,3,17.1,15.57,4.9
Queens,East Flushing,2,4,16.88,23.22,6.613
Queens,East Flushing,3,1,3.48,14.12,0.82
Queens,East Flushing,4,1,20.33,22.9,7.76
Queens,East Flushing,5,6,28.18,16.75,6.868
Queens,East Flushing,6,8,32.42,9.59,6.545
Queens,East Flushing,7,9,10.05,11.86,6.433
Queens,East Flushing,8,9,9.0,9.92,3.769
Queens,East Flushing,11,2,34.42,9.29,6.0
Queens,East Flushing,12,1,59.43,15.75,15.6
Queens,East Flushing,14,1,3.68,6.35,0.39
Queens,East Flushing,15,1,29.52,20.0,9.84
Queens,East Flushing,17,2,20.17,10.8,3.3
Queens,East Flushing,18,1,11.18,13.84,2.58
Queens,East Flushing,19,2,35.06,15.63,9.2
Queens,East Flushing,20,1,26.45,31.03,13.68
Queens,East Flushing,21,1,2.85,13.05,0.62
Queens,East Flushing,22,4,18.1,13.94,4.888
Queens,East Flushing,23,6,23.38,20.28,7.502
Queens,Elmhurst,0,40,14.14,17.19,5.61
Queens,Elmhurst,1,26,13.92,11.35,3.977
Queens,Elmhurst,2,31,13.3,12.35,4.128
Queens,Elmhurst,3,41,13.9,14.91,5.022
Queens,Elmhurst,4,84,14.43,13.9,4.996
Queens,Elmhurst,5,31,14.85,14.27,5.205
Queens,Elmhurst,6,59,22.37,16.39,6.831
Queens,Elmhurst,7,83,22.98,11.02,5.864
Queens,Elmhurst,8,64,19.85,11.13,5.675
Queens,Elmhurst,9,32,29.82,11.83,7.169
Queens,Elmhurst,10,27,23.6,14.09,6.064
Queens,Elmhurst,11,18,21.39,8.51,4.441
Queens,Elmhurst,12,37,21.23,11.37,5.619
Queens,Elmhurst,13,37,17.68,9.87,4.762
Queens,Elmhurst,14,34,19.23,10.19,4.316
Queens,Elmhurst,15,51,22.52,11.71,5.011
Queens,Elmhurst,16,56,19.94,13.92,5.442
Queens,Elmhurst,17,69,20.83,12.75,4.864
Queens,Elmhurst,18,64,22.25,12.7,5.805
Queens,Elmhurst,19,67,16.3,13.01,4.671
Queens,Elmhurst,20,77,15.57,15.04,4.864
Queens,Elmhurst,21,94,15.79,16.6,5.266
Queens,Elmhurst,22,94,14.2,14.01,4.376
Queens,Elmhurst,23,59,16.27,16.03,5.153
Queens,Elmhurst/Maspeth,0,11,18.7,16.81,4.912
Queens,Elmhurst/Maspeth,1,11,15.28,14.68,4.417
Queens,Elmhurst/Maspeth,2,9,18.82,17.22,6.148
Queens,Elmhurst/Maspeth,3,21,16.88,20.64,6.323
Queens,Elmhurst/Maspeth,4,27,19.38,24.6,6.956
Queens,Elmhurst/Maspeth,5,16,12.24,13.23,4.114
Queens,Elmhurst/Maspeth,6,36,16.63,16.63,5.532
Queens,Elmhurst/Maspeth,7,43,28.32,12.58,5.695
Queens,Elmhurst/Maspeth,8,43,19.52,13.58,4.988
Queens,Elmhurst/Maspeth,9,12,11.59,12.27,4.764
Queens,Elmhurst/Maspeth,10,16,9.02,20.4,5.116
Queens,Elmhurst/Maspeth,11,10,28.38,10.98,5.82
Queens,Elmhurst/Maspeth,12,9,9.98,12.98,3.921
Queens,Elmhurst/Maspeth,13,23,23.23,11.59,5.388
Queens,Elmhurst/Maspeth,14,21,16.32,17.35,4.529
Queens,Elmhurst/Maspeth,15,16,10.59,18.78,4.554
Queens,Elmhurst/Maspeth,16,10,9.89,10.42,3.617
Queens,Elmhurst/Maspeth,17,16,21.32,12.5,5.045
Queens,Elmhurst/Maspeth,18,15,21.62,16.59,7.492
Queens,Elmhurst/Maspeth,19,10,30.15,16.48,8.44
Queens,Elmhurst/Maspeth,20,11,16.6,15.65,4.457
Queens,Elmhurst/Maspeth,21,12,13.13,10.97,4.114
Queens,Elmhurst/Maspeth,22,11,13.78,17.92,5.573
Queens,Elmhurst/Maspeth,23,14,13.73,22.81,5.131
Queens,Far Rockaway,0,5,11.1,13.19,4.248
Queens,Far Rockaway,1,4,16.14,15.88,6.243
Queens,Far Rockaway,4,7,47.22,22.99,17.1
Queens,Far Rockaway,5,24,65.77,15.54,17.577
Queens,Far Rockaway,6,22,69.39,15.53,16.536
Queens,Far Rockaway,7,34,52.85,13.78,12.948
Queens,Far Rockaway,8,36,51.68,11.95,10.875
Queens,Far Rockaway,9,25,78.62,14.58,18.191
Queens,Far Rockaway,10,15,55.1,15.73,16.747
Queens,Far Rockaway,11,22,59.56,17.15,16.093
Queens,Far Rockaway,12,22,55.93,16.15,15.348
Queens,Far Rockaway,13,15,50.18,16.88,14.453
Queens,Far Rockaway,14,30,59.32,12.01,13.14
Queens,Far Rockaway,15,21,61.6,13.51,12.549
Queens,Far Rockaway,16,15,55.45,10.09,10.891
Queens,Far Rockaway,17,11,24.23,10.6,7.361
Queens,Far Rockaway,18,15,45.93,15.64,13.261
Queens,Far Rockaway,19,10,55.71,16.42,14.516
Queens,Far Rockaway,20,10,43.58,16.86,11.988
Queens,Far Rockaway,21,3,8.3,12.0,4.61
Queens,Far Rockaway,22,2,40.34,21.02,11.145
Queens,Far Rockaway,23,14,26.67,20.91,10.677
Queens,Flushing,0,30,12.83,24.2,6.3
Queens,Flushing,1,21,13.77,13.8,5.03
Queens,Flushing,2,9,16.85,27.24,7.651
Queens,Flushing,3,8,13.48,16.1,5.339
Queens,Flushing,4,11,18.67,30.02,7.755
Queens,Flushing,5,13,32.85,16.41,10.15
Queens,Flushing,6,12,30.3,16.2,8.15
Queens,Flushing,7,28,22.14,12.13,6.147
Queens,Flushing,8,15,37.03,11.43,8.847
Queens,Flushing,9,11,28.65,12.88,6.967
Queens,Flushing,10,12,35.42,12.9,9.111
Queens,Flushing,11,15,25.13,15.65,8.829
Queens,Flushing,12,26,39.14,12.64,9.763
Queens,Flushing,13,21,34.27,17.23,9.64
Queens,Flushing,14,24,23.53,11.62,6.559
Queens,Flushing,15,19,22.0,11.24,5.995
Queens,Flushing,16,10,40.55,13.28,9.14
Queens,Flushing,17,12,33.48,10.21,6.932
Queens,Flushing,18,16,22.7,13.17,6.904
Queens,Flushing,19,21,23.62,17.89,7.789
Queens,Flushing,20,29,23.77,19.14,6.941
Queens,Flushing,21,41,18.42,23.44,7.027
Queens,Flushing,22,49,14.52,17.08,4.885
Queens,Flushing,23,33,14.35,20.57,6.364
Queens,Flushing Meadows-Corona Park,0,18,20.52,36.4,10.922
Queens,Flushing Meadows-Corona Park,1,15,16.27,34.7,8.531
Queens,Flushing Meadows-Corona Park,2,7,18.28,31.61,9.789
Queens,Flushing Meadows-Corona Park,3,4,13.75,42.92,8.605
Queens,Flushing Meadows-Corona Park,4,9,10.08,43.83,6.934
Queens,Flushing Meadows-Corona Park,5,17,17.35,37.89,10.519
Queens,Flushing Meadows-Corona Park,6,32,17.7,34.32,9.704
Queens,Flushing Meadows-Corona Park,7,35,17.45,32.09,9.29
Queens,Flushing Meadows-Corona Park,8,31,15.98,34.25,8.889
Queens,Flushing Meadows-Corona Park,9,12,18.19,24.29,8.597
Queens,Flushing Meadows-Corona Park,10,19,16.93,31.15,8.455
Queens,Flushing Meadows-Corona Park,11,12,16.92,26.01,7.57
Queens,Flushing Meadows-Corona Park,12,16,19.67,27.27,7.173
Queens,Flushing Meadows-Corona Park,13,16,16.28,30.05,8.213
Queens,Flushing Meadows-Corona Park,14,13,22.68,27.46,10.132
Queens,Flushing Meadows-Corona Park,15,12,23.27,21.05,7.704
Queens,Flushing Meadows-Corona Park,16,33,28.15,20.05,9.532
Queens,Flushing Meadows-Corona Park,17,11,20.57,25.9,8.807
Queens,Flushing Meadows-Corona Park,18,14,21.24,25.33,8.628
Queens,Flushing Meadows-Corona Park,19,15,16.02,33.05,7.101
Queens,Flushing Meadows-Corona Park,20,23,18.12,31.9,8.837
Queens,Flushing Meadows-Corona Park,21,31,19.3,30.63,8.956
Queens,Flushing Meadows-Corona Park,22,42,17.08,34.31,9.665
Queens,Flushing Meadows-Corona Park,23,15,21.75,31.07,9.907
Queens,Forest Hills,0,55,13.55,16.24,4.729
Queens,Forest Hills,1,26,16.44,23.01,6.039
Queens,Forest Hills,2,14,13.79,16.32,4.157
Queens,Forest Hills,3,6,21.33,29.9,9.285
Queens,Forest Hills,4,16,14.39,17.48,5.608
Queens,Forest Hills,5,17,21.53,14.19,5.838
Queens,Forest Hills,6,35,22.0,20.38,7.623
Queens,Forest Hills,7,79,29.7,14.6,7.423
Queens,Forest Hills,8,69,29.57,12.54,7.182
Queens,Forest Hills,9,39,32.42,12.2,7.882
Queens,Forest Hills,10,34,38.12,14.14,7.359
Queens,Forest Hills,11,39,27.75,12.16,7.515
Queens,Forest Hills,12,40,23.92,11.63,6.535
Queens,Forest Hills,13,31,22.78,13.23,6.47
Queens,Forest Hills,14,48,15.83,11.14,3.993
Queens,Forest Hills,15,50,24.65,10.95,5.802
Queens,Forest Hills,16,41,18.73,10.43,4.957
Queens,Forest Hills,17,56,19.53,11.47,4.587
Queens,Forest Hills,18,62,18.72,15.81,4.745
Queens,Forest Hills,19,49,15.75,12.31,4.101
Queens,Forest Hills,20,69,15.28,12.73,4.708
Queens,Forest Hills,21,76,16.38,15.68,5.016
Queens,Forest Hills,22,79,14.02,18.57,5.36
Queens,Forest Hills,23,82,13.81,18.15,5.157
Queens,Forest Park/Highland Park,1,1,2.93,32.73,1.6
Queens,Forest Park/Highland Park,4,1,21.63,46.59,16.8
Queens,Forest Park/Highland Park,8,2,40.02,17.17,10.575
Queens,Forest Park/Highland Park,12,1,9.28,45.18,6.99
Queens,Forest Park/Highland Park,13,3,13.6,14.61,4.443
Queens,Forest Park/Highland Park,14,1,10.98,8.85,1.62
Queens,Forest Park/Highland Park,17,1,55.55,13.24,12.26
Queens,Forest Park/Highland Park,18,1,26.98,21.92,9.86
Queens,Forest Park/Highland Park,19,2,19.79,10.29,3.14
Queens,Forest Park/Highland Park,20,2,7.52,15.12,1.995
Queens,Forest Park/Highland Park,21,2,5.01,13.35,1.12
Queens,Forest Park/Highland Park,22,2,5.77,16.29,1.615
Queens,Forest Park/Highland Park,23,2,13.94,14.84,3.715
Queens,Fresh Meadows,0,8,16.44,29.56,8.616
Queens,Fresh Meadows,1,4,16.84,22.74,5.56
Queens,Fresh Meadows,2,2,14.14,14.81,3.49
Queens,Fresh Meadows,3,3,10.97,20.29,4.337
Queens,Fresh Meadows,4,4,45.07,15.42,11.578
Queens,Fresh Meadows,5,7,37.48,18.35,9.95
Queens,Fresh Meadows,6,6,27.42,23.67,21.983
Queens,Fresh Meadows,7,7,18.5,15.05,6.846
Queens,Fresh Meadows,8,4,24.39,11.39,6.905
Queens,Fresh Meadows,9,5,35.33,11.64,5.644
Queens,Fresh Meadows,10,8,48.57,14.32,11.813
Queens,Fresh Meadows,11,9,20.88,17.51,7.862
Queens,Fresh Meadows,12,11,30.52,14.32,8.266
Queens,Fresh Meadows,13,6,37.1,18.95,12.792
Queens,Fresh Meadows,14,5,41.33,13.65,8.996
Queens,Fresh Meadows,15,10,20.18,12.99,5.754
Queens,Fresh Meadows,16,4,23.63,10.7,4.778
Queens,Fresh Meadows,17,1,9.73,22.19,3.6
Queens,Fresh Meadows,18,2,11.78,7.67,1.45
Queens,Fresh Meadows,19,2,39.77,16.11,13.67
Queens,Fresh Meadows,20,2,27.52,12.25,4.79
Queens,Fresh Meadows,21,3,13.0,12.14,4.057
Queens,Fresh Meadows,22,15,14.33,19.25,4.877
Queens,Fresh Meadows,23,11,15.27,21.79,6.415
Queens,Glen Oaks,0,22,20.29,30.47,10.145
Queens,Glen Oaks,1,8,17.15,27.22,7.766
Queens,Glen Oaks,2,3,22.57,31.48,11.77
Queens,Glen Oaks,3,1,13.42,26.25,5.87
Queens,Glen Oaks,4,5,25.95,34.94,14.65
Queens,Glen Oaks,5,2,18.03,25.14,8.095
Queens,Glen Oaks,6,4,47.64,16.37,8.678
Queens,Glen Oaks,7,5,22.23,21.3,11.918
Queens,Glen Oaks,8,10,20.08,23.4,9.728
Queens,Glen Oaks,9,6,37.48,21.07,11.052
Queens,Glen Oaks,10,6,22.64,23.81,10.547
Queens,Glen Oaks,11,3,37.65,16.88,10.643
Queens,Glen Oaks,12,8,30.48,18.55,12.251
Queens,Glen Oaks,13,7,44.77,19.45,12.957
Queens,Glen Oaks,14,7,22.38,19.66,10.091
Queens,Glen Oaks,15,5,67.63,14.55,13.756
Queens,Glen Oaks,16,2,28.63,27.39,12.96
Queens,Glen Oaks,17,3,39.23,5.68,6.033
Queens,Glen Oaks,18,4,24.89,14.89,7.342
Queens,Glen Oaks,19,5,23.6,22.7,8.728
Queens,Glen Oaks,20,6,14.29,27.97,9.462
Queens,Glen Oaks,21,1,17.72,25.6,7.56
Queens,Glen Oaks,22,8,19.79,26.93,10.407
Queens,Glen Oaks,23,19,17.22,27.1,7.491
Queens,Glendale,0,6,21.48,16.99,7.575
Queens,Glendale,1,1,21.48,12.29,4.4
Queens,Glendale,2,4,11.23,27.59,5.018
Queens,Glendale,3,6,16.41,13.89,4.207
Queens,Glendale,4,9,15.5,14.48,4.521
Queens,Glendale,5,11,22.73,14.76,6.25
Queens,Glendale,6,30,27.48,14.28,8.294
Queens,Glendale,7,24,22.17,9.72,5.263
Queens,Glendale,8,23,20.68,11.73,4.707
Queens,Glendale,9,11,22.42,11.12,5.688
Queens,Glendale,10,7,14.55,11.55,3.454
Queens,Glendale,11,11,21.33,12.19,6.389
Queens,Glendale,12,4,31.55,7.65,5.285
Queens,Glendale,13,14,20.78,11.5,4.722
Queens,Glendale,14,11,23.42,9.39,4.279
Queens,Glendale,15,9,14.7,8.16,3.916
Queens,Glendale,16,14,23.82,14.14,5.736
Queens,Glendale,17,5,28.68,14.89,6.6
Queens,Glendale,18,12,16.0,11.28,2.985
Queens,Glendale,19,9,22.73,11.13,4.13
Queens,Glendale,20,9,11.53,16.51,6.614
Queens,Glendale,21,18,14.53,15.52,5.19
Queens,Glendale,22,14,13.43,13.11,3.484
Queens,Glendale,23,10,12.57,11.86,5.244
Queens,Hammels/Arverne,0,2,21.59,17.99,7.365
Queens,Hammels/Arverne,1,2,20.5,15.69,6.46
Queens,Hammels/Arverne,3,9,39.95,21.88,14.314
Queens,Hammels/Arverne,4,6,47.97,16.12,13.783
Queens,Hammels/Arverne,5,19,74.82,16.47,18.416
Queens,Hammels/Arverne,6,16,63.49,13.41,14.706
Queens,Hammels/Arverne,7,51,47.23,11.72,9.538
Queens,Hammels/Arverne,8,42,35.6,13.52,9.326
Queens,Hammels/Arverne,9,26,52.3,15.6,13.622
Queens,Hammels/Arverne,10,24,54.43,16.49,13.677
Queens,Hammels/Arverne,11,23,78.42,12.01,16.113
Queens,Hammels/Arverne,12,9,54.6,16.45,16.352
Queens,Hammels/Arverne,13,16,65.91,16.05,15.819
Queens,Hammels/Arverne,14,12,48.67,12.57,9.671
Queens,Hammels/Arverne,15,15,65.7,14.52,12.725
Queens,Hammels/Arverne,16,13,47.82,11.8,11.608
Queens,Hammels/Arverne,17,19,48.33,13.1,11.699
Queens,Hammels/Arverne,18,7,45.1,15.72,10.503
Queens,Hammels/Arverne,19,5,58.87,16.75,14.594
Queens,Hammels/Arverne,20,6,38.31,16.1,11.193
Queens,Hammels/Arverne,21,4,51.53,16.59,12.97
Queens,Hammels/Arverne,22,2,39.31,21.85,14.7
Queens,Hammels/Arverne,23,2,42.65,15.74,10.65
Queens,Hillcrest/Pomonok,0,8,13.77,24.6,6.809
Queens,Hillcrest/Pomonok,1,5,19.58,25.71,9.826
Queens,Hillcrest/Pomonok,2,2,7.62,16.5,2.04
Queens,Hillcrest/Pomonok,3,7,19.08,23.27,6.386
Queens,Hillcrest/Pomonok,4,4,20.84,23.43,9.455
Queens,Hillcrest/Pomonok,5,11,19.65,19.57,9.931
Queens,Hillcrest/Pomonok,6,30,26.81,17.4,9.256
Queens,Hillcrest/Pomonok,7,37,24.47,17.68,7.602
Queens,Hillcrest/Pomonok,8,19,23.1,9.05,7.069
Queens,Hillcrest/Pomonok,9,15,24.17,8.24,5.611
Queens,Hillcrest/Pomonok,10,7,28.08,16.13,7.779
Queens,Hillcrest/Pomonok,11,14,56.0,10.95,9.176
Queens,Hillcrest/Pomonok,12,16,38.83,12.53,8.257
Queens,Hillcrest/Pomonok,13,21,30.52,11.47,6.379
Queens,Hillcrest/Pomonok,14,19,19.95,12.27,6.534
Queens,Hillcrest/Pomonok,15,25,36.35,11.23,8.226
Queens,Hillcrest/Pomonok,16,15,46.92,9.56,7.147
Queens,Hillcrest/Pomonok,17,6,18.67,10.01,4.407
Queens,Hillcrest/Pomonok,18,3,32.88,12.51,6.873
Queens,Hillcrest/Pomonok,19,8,19.11,19.52,6.979
Queens,Hillcrest/Pomonok,20,6,22.56,13.72,5.388
Queens,Hillcrest/Pomonok,21,13,25.43,20.48,8.625
Queens,Hillcrest/Pomonok,22,13,16.27,23.02,7.809
Queens,Hillcrest/Pomonok,23,4,17.14,23.78,7.973
Queens,Hollis,0,4,23.95,19.16,7.833
Queens,Hollis,1,2,20.24,24.65,8.915
Queens,Hollis,2,2,20.81,23.25,10.735
Queens,Hollis,3,1,4.05,9.93,0.67
Queens,Hollis,4,4,8.26,14.12,1.777
Queens,Hollis,5,8,17.12,26.63,7.2
Queens,Hollis,6,30,38.33,15.54,10.766
Queens,Hollis,7,29,27.58,14.69,8.148
Queens,Hollis,8,25,29.35,15.37,8.226
Queens,Hollis,9,6,36.88,18.79,17.917
Queens,Hollis,10,6,9.22,13.44,4.187
Queens,Hollis,11,12,51.96,12.53,10.075
Queens,Hollis,12,3,25.88,13.78,6.737
Queens,Hollis,13,7,24.9,12.44,6.076
Queens,Hollis,14,13,13.13,10.91,4.142
Queens,Hollis,15,4,26.93,14.57,7.453
Queens,Hollis,16,3,41.5,12.07,7.163
Queens,Hollis,18,4,24.73,11.72,6.587
Queens,Hollis,19,5,38.22,12.38,11.028
Queens,Hollis,21,3,34.88,16.4,10.043
Queens,Hollis,22,3,23.85,14.09,7.483
Queens,Hollis,23,4,19.38,17.71,7.153
Queens,Howard Beach,0,26,20.79,20.05,8.738
Queens,Howard Beach,1,7,20.52,27.85,8.283
Queens,Howard Beach,2,2,21.81,17.81,5.82
Queens,Howard Beach,3,3,25.27,33.87,10.683
Queens,Howard Beach,4,1,54.02,16.88,15.2
Queens,Howard Beach,5,6,41.88,13.65,7.672
Queens,Howard Beach,6,10,58.63,8.42,9.474
Queens,Howard Beach,7,14,24.56,13.21,5.391
Queens,Howard Beach,8,21,26.88,13.21,8.083
Queens,Howard Beach,9,8,23.42,13.46,5.925
Queens,Howard Beach,10,16,41.76,14.06,9.677
Queens,Howard Beach,11,7,24.62,16.25,8.411
Queens,Howard Beach,12,17,25.2,18.51,8.165
Queens,Howard Beach,13,14,28.34,13.19,9.586
Queens,Howard Beach,14,27,31.58,10.52,6.543
Queens,Howard Beach,15,10,15.42,13.3,3.633
Queens,Howard Beach,16,9,21.53,12.07,6.891
Queens,Howard Beach,17,6,13.78,15.53,4.492
Queens,Howard Beach,18,1,34.28,13.6,7.77
Queens,Howard Beach,19,8,25.03,13.79,6.13
Queens,Howard Beach,20,12,23.88,24.62,10.232
Queens,Howard Beach,21,20,15.45,19.31,7.164
Queens,Howard Beach,22,23,23.67,17.27,9.09
Queens,Howard Beach,23,23,24.98,24.34,10.076
Queens,JFK Airport,0,4913,30.88,30.88,15.151
Queens,JFK Airport,1,2055,28.43,31.9,14.154
Queens,JFK Airport,2,793,26.1,34.53,13.787
Queens,JFK Airport,3,538,22.15,34.28,12.809
Queens,JFK Airport,4,626,20.9,35.0,12.305
Queens,JFK Airport,5,2060,26.3,32.47,13.432
Queens,JFK Airport,6,3493,35.65,23.79,14.312
Queens,JFK Airport,7,4226,46.15,20.3,15.51
Queens,JFK Airport,8,3185,41.02,21.73,15.197
Queens,JFK Airport,9,3040,34.61,25.62,14.83
Queens,JFK Airport,10,3726,34.94,26.3,14.859
Queens,JFK Airport,11,3489,37.43,26.33,15.544
Queens,JFK Airport,12,4353,38.88,26.2,15.99
Queens,JFK Airport,13,5156,41.65,24.53,16.114
Queens,JFK Airport,14,7120,46.84,21.48,16.018
Queens,JFK Airport,15,9142,49.14,20.16,15.85
Queens,JFK Airport,16,10361,51.07,19.82,16.113
Queens,JFK Airport,17,8591,48.68,20.47,15.896
Queens,JFK Airport,18,7711,42.1,23.56,15.625
Queens,JFK Airport,19,9102,36.92,27.31,15.824
Queens,JFK Airport,20,9237,34.23,29.42,15.707
Queens,JFK Airport,21,9227,32.77,30.49,15.613
Queens,JFK Airport,22,8530,34.68,27.62,15.615
Queens,JFK Airport,23,7438,33.58,28.15,15.44
Queens,Jackson Heights,0,46,14.12,13.65,4.906
Queens,Jackson Heights,1,52,13.63,11.09,3.608
Queens,Jackson Heights,2,41,13.35,16.0,4.066
Queens,Jackson Heights,3,93,15.8,16.03,5.496
Queens,Jackson Heights,4,133,15.0,16.9,5.265
Queens,Jackson Heights,5,52,14.48,22.84,5.638
Queens,Jackson Heights,6,83,22.2,14.41,6.196
Queens,Jackson Heights,7,135,22.93,12.4,5.596
Queens,Jackson Heights,8,103,19.85,10.05,5.11
Queens,Jackson Heights,9,60,14.97,13.76,5.062
Queens,Jackson Heights,10,55,18.68,14.51,5.586
Queens,Jackson Heights,11,41,15.58,15.11,5.357
Queens,Jackson Heights,12,49,16.33,11.05,4.906
Queens,Jackson Heights,13,46,12.22,15.28,4.363
Queens,Jackson Heights,14,77,15.42,11.21,4.226
Queens,Jackson Heights,15,46,15.23,11.96,4.172
Queens,Jackson Heights,16,52,19.32,10.66,4.642
Queens,Jackson Heights,17,82,19.02,12.48,4.33
Queens,Jackson Heights,18,83,21.38,12.29,4.665
Queens,Jackson Heights,19,60,15.43,12.02,4.793
Queens,Jackson Heights,20,72,15.45,15.64,5.135
Queens,Jackson Heights,21,73,17.4,15.82,5.742
Queens,Jackson Heights,22,53,16.52,16.82,5.387
Queens,Jackson Heights,23,96,14.99,16.7,5.292
Queens,Jamaica,0,172,16.19,22.25,6.968
Queens,Jamaica,1,77,13.57,19.74,6.168
Queens,Jamaica,2,50,14.02,18.46,5.954
Queens,Jamaica,3,33,16.78,25.57,7.378
Queens,Jamaica,4,33,16.38,23.73,7.053
Queens,Jamaica,5,31,26.8,22.04,11.035
Queens,Jamaica,6,57,25.88,18.03,9.854
Queens,Jamaica,7,95,25.37,13.54,8.177
Queens,Jamaica,8,52,26.73,11.31,6.943
Queens,Jamaica,9,41,31.93,12.51,8.557
Queens,Jamaica,10,32,28.48,16.07,9.889
Queens,Jamaica,11,37,23.18,13.93,7.908
Queens,Jamaica,12,52,22.0,15.52,6.416
Queens,Jamaica,13,88,20.24,13.61,6.439
Queens,Jamaica,14,116,22.23,11.56,5.95
Queens,Jamaica,15,138,20.36,11.83,5.587
Queens,Jamaica,16,93,24.42,14.16,7.607
Queens,Jamaica,17,88,19.62,12.66,5.696
Queens,Jamaica,18,68,19.48,15.4,6.089
Queens,Jamaica,19,62,16.75,16.59,6.941
Queens,Jamaica,20,71,20.7,19.04,7.782
Queens,Jamaica,21,92,18.23,19.87,7.292
Queens,Jamaica,22,130,16.82,17.87,6.591
Queens,Jamaica,23,243,15.53,22.64,6.891
Queens,Jamaica Bay,7,1,9.32,9.02,1.4
Queens,Jamaica Bay,10,1,30.78,46.76,23.99
Queens,Jamaica Bay,14,1,29.12,24.15,11.72
Queens,Jamaica Bay,15,1,42.18,27.49,19.33
Queens,Jamaica Bay,22,1,24.12,41.5,16.68
Queens,Jamaica Estates,0,9,18.37,25.02,7.261
Queens,Jamaica Estates,1,6,10.99,26.76,6.083
Queens,Jamaica Estates,2,7,12.65,13.66,4.69
Queens,Jamaica Estates,3,6,24.93,31.78,11.432
Queens,Jamaica Estates,4,7,17.73,17.22,7.546
Queens,Jamaica Estates,5,15,11.98,21.18,7.459
Queens,Jamaica Estates,6,34,38.32,17.79,10.405
Queens,Jamaica Estates,7,42,32.71,19.27,9.81
Queens,Jamaica Estates,8,26,29.26,15.02,8.341
Queens,Jamaica Estates,9,16,34.48,15.71,9.978
Queens,Jamaica Estates,10,16,37.38,14.26,8.999
Queens,Jamaica Estates,11,9,39.75,18.4,10.417
Queens,Jamaica Estates,12,14,42.47,14.25,9.429
Queens,Jamaica Estates,13,16,26.18,17.4,7.891
Queens,Jamaica Estates,14,8,30.25,14.32,7.635
Queens,Jamaica Estates,15,11,18.3,16.39,6.458
Queens,Jamaica Estates,16,9,12.43,12.24,10.001
Queens,Jamaica Estates,17,10,32.54,12.19,7.357
Queens,Jamaica Estates,18,8,26.54,12.63,5.576
Queens,Jamaica Estates,19,6,36.29,13.92,9.202
Queens,Jamaica Estates,20,10,22.03,12.98,5.377
Queens,Jamaica Estates,21,9,13.53,16.16,5.75
Queens,Jamaica Estates,22,11,11.87,15.8,4.697
Queens,Jamaica Estates,23,10,14.22,26.97,7.453
Queens,Kew Gardens,0,13,15.65,17.08,5.686
Queens,Kew Gardens,1,18,16.36,24.89,6.624
Queens,Kew Gardens,3,6,18.25,19.82,8.562
Queens,Kew Gardens,4,16,13.32,28.14,6.342
Queens,Kew Gardens,5,6,12.35,23.45,7.21
Queens,Kew Gardens,6,27,18.93,14.89,7.301
Queens,Kew Gardens,7,50,25.52,11.84,6.124
Queens,Kew Gardens,8,38,19.71,13.27,5.874
Queens,Kew Gardens,9,7,17.4,16.61,6.646
Queens,Kew Gardens,10,16,19.08,16.4,6.002
Queens,Kew Gardens,11,23,21.62,16.02,7.263
Queens,Kew Gardens,12,33,19.55,12.73,5.968
Queens,Kew Gardens,13,20,18.39,10.49,5.9
Queens,Kew Gardens,14,36,17.25,15.7,5.324
Queens,Kew Gardens,15,45,15.65,14.9,4.804
Queens,Kew Gardens,16,41,14.3,15.87,5.242
Queens,Kew Gardens,17,30,14.88,15.74,4.521
Queens,Kew Gardens,18,24,12.78,18.47,4.868
Queens,Kew Gardens,19,14,13.73,22.19,5.349
Queens,Kew Gardens,20,12,17.6,15.48,6.052
Queens,Kew Gardens,21,21,11.18,21.83,4.538
Queens,Kew Gardens,22,28,16.79,18.53,5.995
Queens,Kew Gardens,23,24,11.89,18.63,5.925
Queens,Kew Gardens Hills,0,7,14.95,24.73,5.946
Queens,Kew Gardens Hills,1,5,13.48,14.73,3.494
Queens,Kew Gardens Hills,2,3,17.0,24.74,6.427
Queens,Kew Gardens Hills,3,3,15.8,21.3,7.38
Queens,Kew Gardens Hills,4,7,11.67,16.46,5.203
Queens,Kew Gardens Hills,5,16,30.95,20.8,9.086
Queens,Kew Gardens Hills,6,35,24.47,18.02,7.819
Queens,Kew Gardens Hills,7,36,29.33,11.31,6.761
Queens,Kew Gardens Hills,8,26,22.3,12.21,6.385
Queens,Kew Gardens Hills,9,13,15.15,15.35,5.785
Queens,Kew Gardens Hills,10,9,17.0,12.41,5.583
Queens,Kew Gardens Hills,11,11,32.58,13.58,7.919
Queens,Kew Gardens Hills,12,11,36.32,13.62,8.217
Queens,Kew Gardens Hills,13,22,46.3,10.94,8.287
Queens,Kew Gardens Hills,14,11,25.6,11.32,4.947
Queens,Kew Gardens Hills,15,8,38.68,12.36,8.894
Queens,Kew Gardens Hills,16,4,25.77,15.08,7.6
Queens,Kew Gardens Hills,17,6,15.07,17.43,7.648
Queens,Kew Gardens Hills,18,7,13.47,14.59,7.009
Queens,Kew Gardens Hills,19,5,19.0,21.88,8.324
Queens,Kew Gardens Hills,20,6,23.03,23.03,9.563
Queens,Kew Gardens Hills,21,5,15.25,19.44,5.31
Queens,Kew Gardens Hills,22,14,10.94,15.01,5.226
Queens,Kew Gardens Hills,23,8,21.53,26.65,9.106
Queens,LaGuardia Airport,0,2477,18.42,29.42,9.076
Queens,LaGuardia Airport,1,739,18.15,30.13,9.086
Queens,LaGuardia Airport,2,176,17.17,29.24,8.664
Queens,LaGuardia Airport,3,26,19.19,27.86,8.625
Queens,LaGuardia Airport,4,30,14.59,29.95,8.203
Queens,LaGuardia Airport,5,41,18.2,28.4,9.553
Queens,LaGuardia Airport,6,72,20.53,24.7,9.519
Queens,LaGuardia Airport,7,1028,31.83,19.11,10.09
Queens,LaGuardia Airport,8,1926,34.23,17.68,9.962
Queens,LaGuardia Airport,9,3412,30.03,19.65,9.802
Queens,LaGuardia Airport,10,4795,27.83,20.85,9.731
Queens,LaGuardia Airport,11,4137,26.83,21.54,9.721
Queens,LaGuardia Airport,12,5028,26.49,21.73,9.624
Queens,LaGuardia Airport,13,5487,26.98,21.37,9.626
Queens,LaGuardia Airport,14,6755,28.62,19.91,9.584
Queens,LaGuardia Airport,15,6180,30.27,18.68,9.513
Queens,LaGuardia Airport,16,5912,29.0,19.21,9.413
Queens,LaGuardia Airport,17,5538,27.25,20.3,9.357
Queens,LaGuardia Airport,18,4959,24.98,21.99,9.312
Queens,LaGuardia Airport,19,5045,22.23,25.05,9.446
Queens,LaGuardia Airport,20,5437,21.2,26.36,9.39
Queens,LaGuardia Airport,21,5658,20.62,26.93,9.343
Queens,LaGuardia Airport,22,4805,19.42,27.87,9.137
Queens,LaGuardia Airport,23,5220,18.98,28.59,9.133
Queens,Laurelton,0,5,13.45,22.08,8.422
Queens,Laurelton,1,2,13.15,19.91,4.39
Queens,Laurelton,2,3,7.92,29.63,4.487
Queens,Laurelton,3,1,22.47,35.28,13.21
Queens,Laurelton,4,3,10.9,16.24,8.233
Queens,Laurelton,5,13,71.47,11.97,14.749
Queens,Laurelton,6,28,50.08,15.15,10.884
Queens,Laurelton,7,17,27.7,15.35,7.911
Queens,Laurelton,8,20,36.77,13.5,9.31
Queens,Laurelton,9,8,37.51,12.96,10.641
Queens,Laurelton,10,7,47.27,14.11,11.981
Queens,Laurelton,11,3,27.4,10.73,8.6
Queens,Laurelton,12,7,43.78,16.58,12.234
Queens,Laurelton,13,10,17.98,13.19,6.478
Queens,Laurelton,14,16,15.15,12.99,5.976
Queens,Laurelton,15,21,46.48,19.32,14.111
Queens,Laurelton,16,18,40.74,23.12,15.616
Queens,Laurelton,17,7,19.47,8.61,5.606
Queens,Laurelton,18,2,33.98,22.92,12.64
Queens,Laurelton,19,1,22.13,17.38,6.41
Queens,Laurelton,20,1,24.43,16.43,6.69
Queens,Laurelton,21,2,44.53,14.39,10.045
Queens,Laurelton,22,4,28.8,22.47,9.935
Queens,Laurelton,23,9,12.68,19.06,5.644
Queens,Long Island City/Hunters Point,0,125,17.2,16.99,5.907
Queens,Long Island City/Hunters Point,1,79,16.17,16.19,5.57
Queens,Long Island City/Hunters Point,2,56,14.99,14.5,4.405
Queens,Long Island City/Hunters Point,3,29,17.52,15.19,6.218
Queens,Long Island City/Hunters Point,4,74,16.59,16.36,5.833
Queens,Long Island City/Hunters Point,5,53,16.33,18.05,6.455
Queens,Long Island City/Hunters Point,6,72,16.51,15.67,5.94
Queens,Long Island City/Hunters Point,7,61,20.13,13.65,5.472
Queens,Long Island City/Hunters Point,8,101,20.12,10.84,5.059
Queens,Long Island City/Hunters Point,9,87,14.57,11.47,4.866
Queens,Long Island City/Hunters Point,10,73,16.93,13.09,5.252
Queens,Long Island City/Hunters Point,11,72,19.17,14.59,5.803
Queens,Long Island City/Hunters Point,12,83,17.52,12.69,5.268
Queens,Long Island City/Hunters Point,13,80,22.74,17.06,7.363
Queens,Long Island City/Hunters Point,14,115,19.55,13.42,7.456
Queens,Long Island City/Hunters Point,15,82,20.68,12.99,6.259
Queens,Long Island City/Hunters Point,16,129,17.5,12.07,5.378
Queens,Long Island City/Hunters Point,17,141,19.38,11.83,5.007
Queens,Long Island City/Hunters Point,18,201,19.52,11.93,4.603
Queens,Long Island City/Hunters Point,19,142,18.63,12.0,4.991
Queens,Long Island City/Hunters Point,20,110,14.34,13.58,5.052
Queens,Long Island City/Hunters Point,21,102,16.5,16.55,5.847
Queens,Long Island City/Hunters Point,22,139,15.7,14.6,4.849
Queens,Long Island City/Hunters Point,23,166,16.54,15.22,5.252
Queens,Long Island City/Queens Plaza,0,41,16.17,14.94,5.358
Queens,Long Island City/Queens Plaza,1,47,11.18,14.63,3.54
Queens,Long Island City/Queens Plaza,2,24,12.88,14.86,3.79
Queens,Long Island City/Queens Plaza,3,29,15.8,15.7,5.47
Queens,Long Island City/Queens Plaza,4,29,11.47,14.6,4.937
Queens,Long Island City/Queens Plaza,5,18,10.33,15.78,3.298
Queens,Long Island City/Queens Plaza,6,102,13.44,13.91,3.785
Queens,Long Island City/Queens Plaza,7,98,16.1,11.91,4.3
Queens,Long Island City/Queens Plaza,8,73,16.93,13.06,4.46
Queens,Long Island City/Queens Plaza,9,71,14.3,11.34,3.797
Queens,Long Island City/Queens Plaza,10,85,11.17,12.6,3.161
Queens,Long Island City/Queens Plaza,11,57,15.35,11.01,3.431
Queens,Long Island City/Queens Plaza,12,63,16.58,11.73,4.657
Queens,Long Island City/Queens Plaza,13,73,15.0,11.13,3.416
Queens,Long Island City/Queens Plaza,14,72,17.8,10.88,4.065
Queens,Long Island City/Queens Plaza,15,78,12.86,10.5,3.207
Queens,Long Island City/Queens Plaza,16,71,12.55,10.4,3.549
Queens,Long Island City/Queens Plaza,17,81,14.17,11.84,3.703
Queens,Long Island City/Queens Plaza,18,96,16.74,11.41,3.928
Queens,Long Island City/Queens Plaza,19,63,12.07,11.97,3.362
Queens,Long Island City/Queens Plaza,20,60,13.73,11.99,3.911
Queens,Long Island City/Queens Plaza,21,48,14.09,12.84,4.341
Queens,Long Island City/Queens Plaza,22,59,15.0,13.11,3.881
Queens,Long Island City/Queens Plaza,23,81,14.82,13.5,4.566
Queens,Maspeth,0,16,17.43,14.76,5.563
Queens,Maspeth,1,14,22.52,14.89,5.742
Queens,Maspeth,2,31,16.68,18.02,5.728
Queens,Maspeth,3,36,16.16,18.04,4.961
Queens,Maspeth,4,63,17.68,18.47,6.553
Queens,Maspeth,5,62,16.76,19.51,5.849
Queens,Maspeth,6,46,16.99,18.21,7.083
Queens,Maspeth,7,65,21.23,12.22,5.411
Queens,Maspeth,8,45,13.67,8.83,3.621
Queens,Maspeth,9,19,14.82,10.56,3.663
Queens,Maspeth,10,10,21.55,13.03,6.184
Queens,Maspeth,11,20,21.87,13.72,6.088
Queens,Maspeth,12,17,21.87,16.08,6.427
Queens,Maspeth,13,29,19.9,13.16,5.86
Queens,Maspeth,14,20,23.74,16.84,6.84
Queens,Maspeth,15,26,28.39,12.35,6.507
Queens,Maspeth,16,19,28.82,15.97,8.225
Queens,Maspeth,17,13,28.0,12.19,5.997
Queens,Maspeth,18,18,18.45,13.45,4.955
Queens,Maspeth,19,19,21.88,17.39,6.536
Queens,Maspeth,20,18,18.92,18.17,5.849
Queens,Maspeth,21,29,12.78,19.61,4.486
Queens,Maspeth,22,22,12.77,16.8,4.608
Queens,Maspeth,23,17,14.4,20.0,5.112
Queens,Middle Village,0,10,16.36,14.38,4.024
Queens,Middle Village,1,10,12.58,12.83,5.773
Queens,Middle Village,2,5,11.18,14.65,3.146
Queens,Middle Village,3,8,16.68,21.19,6.094
Queens,Middle Village,4,9,11.77,17.09,5.471
Queens,Middle Village,5,8,18.71,16.63,6.148
Queens,Middle Village,6,24,22.48,17.2,6.498
Queens,Middle Village,7,34,25.19,12.54,5.736
Queens,Middle Village,8,29,26.67,12.85,5.265
Queens,Middle Village,9,19,20.58,13.4,5.782
Queens,Middle Village,10,5,28.55,10.4,6.458
Queens,Middle Village,11,5,38.08,13.39,8.38
Queens,Middle Village,12,4,17.97,8.97,3.378
Queens,Middle Village,13,11,13.82,13.9,5.705
Queens,Middle Village,14,11,29.05,13.8,5.835
Queens,Middle Village,15,17,23.37,11.14,5.085
Queens,Middle Village,16,11,20.5,17.14,6.083
Queens,Middle Village,17,13,31.35,12.22,6.885
Queens,Middle Village,18,20,19.27,12.65,4.358
Queens,Middle Village,19,5,15.93,21.84,5.784
Queens,Middle Village,20,20,15.82,13.57,5.089
Queens,Middle Village,21,16,14.9,12.11,3.303
Queens,Middle Village,22,16,16.33,15.86,5.153
Queens,Middle Village,23,20,14.02,17.38,5.044
Queens,Murray Hill-Queens,0,7,8.65,19.2,4.77
Queens,Murray Hill-Queens,1,2,16.98,19.74,5.63
Queens,Murray Hill-Queens,2,5,7.43,15.52,2.462
Queens,Murray Hill-Queens,3,2,13.48,30.32,6.52
Queens,Murray Hill-Queens,4,3,12.6,28.22,6.673
Queens,Murray Hill-Queens,6,3,38.7,21.55,10.1
Queens,Murray Hill-Queens,7,14,22.43,15.51,7.782
Queens,Murray Hill-Queens,8,24,33.99,15.18,9.939
Queens,Murray Hill-Queens,9,4,22.79,8.69,4.918
Queens,Murray Hill-Queens,10,7,31.97,10.44,9.654
Queens,Murray Hill-Queens,11,6,39.6,13.64,8.968
Queens,Murray Hill-Queens,12,8,43.32,15.39,9.909
Queens,Murray Hill-Queens,13,4,40.63,17.92,10.153
Queens,Murray Hill-Queens,14,5,49.23,13.07,10.42
Queens,Murray Hill-Queens,15,5,18.98,12.68,4.354
Queens,Murray Hill-Queens,16,4,29.18,15.64,7.84
Queens,Murray Hill-Queens,17,2,16.83,19.69,5.91
Queens,Murray Hill-Queens,18,2,34.36,15.45,10.15
Queens,Murray Hill-Queens,19,6,16.87,9.67,4.16
Queens,Murray Hill-Queens,20,1,19.25,7.92,2.54
Queens,Murray Hill-Queens,21,7,21.17,21.21,7.147
Queens,Murray Hill-Queens,22,12,17.38,23.34,6.889
Queens,Murray Hill-Queens,23,10,15.63,18.77,4.331
Queens,North Corona,0,15,15.68,17.51,5.774
Queens,North Corona,1,10,18.77,13.56,5.673
Queens,North Corona,2,12,13.24,13.26,3.534
Queens,North Corona,3,7,12.27,13.81,3.184
Queens,North Corona,4,12,17.67,19.32,6.42
Queens,North Corona,5,11,20.63,20.25,7.813
Queens,North Corona,6,18,24.53,16.26,8.273
Queens,North Corona,7,18,32.1,11.35,5.174
Queens,North Corona,8,23,23.67,11.81,5.772
Queens,North Corona,9,10,26.74,14.52,6.731
Queens,North Corona,10,5,32.03,11.08,5.918
Queens,North Corona,11,14,41.95,10.15,6.762
Queens,North Corona,12,6,22.96,12.82,6.588
Queens,North Corona,13,9,28.72,10.9,6.343
Queens,North Corona,14,9,33.2,10.45,7.651
Queens,North Corona,15,8,13.78,8.26,2.811
Queens,North Corona,16,5,44.88,10.34,6.476
Queens,North Corona,17,10,20.6,11.91,4.558
Queens,North Corona,18,15,20.18,14.28,5.863
Queens,North Corona,19,7,18.0,14.51,4.394
Queens,North Corona,20,7,15.08,14.83,5.31
Queens,North Corona,21,15,14.03,18.73,6.141
Queens,North Corona,22,23,14.8,21.1,6.505
Queens,North Corona,23,13,19.2,18.27,7.432
Queens,Oakland Gardens,0,10,21.12,26.86,9.452
Queens,Oakland Gardens,2,2,20.88,26.99,9.33
Queens,Oakland Gardens,3,2,25.97,34.22,14.865
Queens,Oakland Gardens,5,2,15.66,29.52,7.69
Queens,Oakland Gardens,6,9,33.78,20.51,11.469
Queens,Oakland Gardens,7,10,35.01,11.65,9.135
Queens,Oakland Gardens,8,9,44.3,16.95,11.658
Queens,Oakland Gardens,9,4,12.13,18.69,3.79
Queens,Oakland Gardens,10,3,53.15,14.79,12.237
Queens,Oakland Gardens,11,4,47.66,18.47,16.533
Queens,Oakland Gardens,12,4,50.75,16.86,11.84
Queens,Oakland Gardens,13,7,33.98,20.97,10.689
Queens,Oakland Gardens,14,1,10.6,18.68,3.3
Queens,Oakland Gardens,15,6,18.54,13.47,4.187
Queens,Oakland Gardens,16,1,27.45,12.46,5.7
Queens,Oakland Gardens,17,5,16.98,13.11,5.068
Queens,Oakland Gardens,18,9,25.67,18.53,7.358
Queens,Oakland Gardens,19,6,26.2,9.85,5.48
Queens,Oakland Gardens,20,2,26.78,23.74,10.43
Queens,Oakland Gardens,21,4,13.93,29.68,6.91
Queens,Oakland Gardens,22,6,16.95,30.05,9.153
Queens,Oakland Gardens,23,4,17.13,27.38,7.252
Queens,Old Astoria,0,30,16.56,17.37,6.012
Queens,Old Astoria,1,17,15.65,16.7,5.524
Queens,Old Astoria,2,12,15.83,17.88,5.272
Queens,Old Astoria,3,12,9.47,13.54,2.905
Queens,Old Astoria,4,14,13.63,21.5,6.57
Queens,Old Astoria,5,29,14.9,15.74,5.415
Queens,Old Astoria,6,82,18.47,14.15,5.782
Queens,Old Astoria,7,135,21.15,11.38,4.911
Queens,Old Astoria,8,129,26.6,10.87,5.398
Queens,Old Astoria,9,72,24.37,10.28,5.245
Queens,Old Astoria,10,60,18.68,10.67,4.195
Queens,Old Astoria,11,60,18.64,10.17,4.191
Queens,Old Astoria,12,56,18.82,10.24,5.188
Queens,Old Astoria,13,52,22.08,10.77,5.659
Queens,Old Astoria,14,43,21.33,9.97,5.148
Queens,Old Astoria,15,49,15.77,10.26,4.141
Queens,Old Astoria,16,43,16.88,10.42,4.762
Queens,Old Astoria,17,48,19.12,10.47,4.241
Queens,Old Astoria,18,41,22.02,12.4,5.571
Queens,Old Astoria,19,34,17.08,11.24,4.265
Queens,Old Astoria,20,29,13.43,15.0,4.367
Queens,Old Astoria,21,28,21.28,18.83,6.545
Queens,Old Astoria,22,33,16.32,16.6,5.382
Queens,Old Astoria,23,22,14.26,15.26,4.88
Queens,Ozone Park,0,17,23.73,13.92,7.015
Queens,Ozone Park,1,15,17.85,17.7,7.093
Queens,Ozone Park,2,11,16.92,15.97,5.547
Queens,Ozone Park,3,7,18.0,14.94,5.586
Queens,Ozone Park,4,5,10.42,11.22,6.694
Queens,Ozone Park,5,3,17.57,18.28,5.627
Queens,Ozone Park,6,6,42.2,12.82,8.673
Queens,Ozone Park,7,28,29.73,11.87,5.563
Queens,Ozone Park,8,19,15.02,12.1,5.856
Queens,Ozone Park,9,10,16.3,10.87,5.039
Queens,Ozone Park,10,3,22.85,9.66,5.22
Queens,Ozone Park,11,4,41.04,13.16,9.315
Queens,Ozone Park,12,5,26.87,10.17,6.902
Queens,Ozone Park,13,10,28.23,13.26,7.366
Queens,Ozone Park,14,16,17.78,12.27,4.686
Queens,Ozone Park,15,13,13.72,10.39,3.892
Queens,Ozone Park,16,7,14.28,10.94,3.851
Queens,Ozone Park,17,9,36.55,12.95,7.851
Queens,Ozone Park,18,6,15.89,11.81,3.343
Queens,Ozone Park,19,3,9.18,14.52,4.157
Queens,Ozone Park,20,12,18.28,18.68,6.769
Queens,Ozone Park,21,13,11.35,14.13,6.409
Queens,Ozone Park,22,17,16.1,14.96,5.716
Queens,Ozone Park,23,22,17.59,14.19,6.058
Queens,Queens Village,0,11,16.7,20.89,7.816
Queens,Queens Village,1,9,14.42,29.52,8.62
Queens,Queens Village,2,6,15.35,19.49,6.855
Queens,Queens Village,3,6,10.93,13.84,4.897
Queens,Queens Village,4,3,14.62,14.04,3.157
Queens,Queens Village,5,34,20.04,20.07,9.755
Queens,Queens Village,6,53,25.58,20.11,9.59
Queens,Queens Village,7,63,27.17,15.9,9.757
Queens,Queens Village,8,36,29.53,14.8,8.933
Queens,Queens Village,9,17,21.58,11.99,7.149
Queens,Queens Village,10,16,34.23,17.44,10.531
Queens,Queens Village,11,11,45.98,15.0,12.256
Queens,Queens Village,12,8,43.3,17.57,11.691
Queens,Queens Village,13,5,60.68,7.56,6.616
Queens,Queens Village,14,26,31.43,17.26,11.783
Queens,Queens Village,15,15,21.0,11.59,7.874
Queens,Queens Village,16,11,24.45,15.87,8.259
Queens,Queens Village,17,6,20.89,14.71,6.692
Queens,Queens Village,18,7,27.27,13.46,6.207
Queens,Queens Village,19,9,37.6,22.03,11.078
Queens,Queens Village,20,4,15.41,18.6,6.27
Queens,Queens Village,21,8,33.59,22.98,12.574
Queens,Queens Village,22,19,23.63,21.9,10.047
Queens,Queens Village,23,15,19.82,28.74,10.858
Queens,Queensboro Hill,0,4,13.25,27.48,6.325
Queens,Queensboro Hill,1,2,18.63,24.84,7.825
Queens,Queensboro Hill,2,1,10.87,39.31,7.12
Queens,Queensboro Hill,3,2,17.49,20.94,6.205
Queens,Queensboro Hill,4,4,20.86,30.91,10.048
Queens,Queensboro Hill,6,10,19.33,21.17,7.75
Queens,Queensboro Hill,7,4,15.14,21.55,5.998
Queens,Queensboro Hill,8,7,14.82,12.92,5.011
Queens,Queensboro Hill,9,4,11.03,13.33,3.36
Queens,Queensboro Hill,10,5,17.3,17.21,6.334
Queens,Queensboro Hill,11,3,43.47,12.01,8.833
Queens,Queensboro Hill,12,6,31.57,19.61,10.532
Queens,Queensboro Hill,13,3,71.03,9.9,12.633
Queens,Queensboro Hill,14,2,51.01,13.53,9.5
Queens,Queensboro Hill,15,7,22.03,9.52,8.074
Queens,Queensboro Hill,16,5,25.32,13.04,7.258
Queens,Queensboro Hill,17,5,17.67,12.13,3.488
Queens,Queensboro Hill,18,5,27.0,18.03,8.308
Queens,Queensboro Hill,19,4,32.01,14.13,9.35
Queens,Queensboro Hill,20,4,19.56,21.08,7.922
Queens,Queensboro Hill,21,5,20.18,23.98,8.444
Queens,Queensboro Hill,22,7,15.38,25.24,6.331
Queens,Queensboro Hill,23,14,14.21,24.52,6.626
Queens,Queensbridge/Ravenswood,0,11,19.98,15.85,5.728
Queens,Queensbridge/Ravenswood,1,5,8.9,18.0,2.854
Queens,Queensbridge/Ravenswood,2,8,11.56,19.48,5.875
Queens,Queensbridge/Ravenswood,3,13,17.3,14.89,4.845
Queens,Queensbridge/Ravenswood,4,10,14.92,16.27,5.037
Queens,Queensbridge/Ravenswood,5,18,14.58,15.31,4.811
Queens,Queensbridge/Ravenswood,6,39,21.73,14.08,6.958
Queens,Queensbridge/Ravenswood,7,71,19.12,12.98,4.568
Queens,Queensbridge/Ravenswood,8,77,23.95,9.73,4.838
Queens,Queensbridge/Ravenswood,9,20,14.83,10.83,3.663
Queens,Queensbridge/Ravenswood,10,37,10.78,10.14,3.875
Queens,Queensbridge/Ravenswood,11,31,18.0,10.26,3.721
Queens,Queensbridge/Ravenswood,12,31,14.92,10.14,2.982
Queens,Queensbridge/Ravenswood,13,39,14.28,11.29,4.219
Queens,Queensbridge/Ravenswood,14,35,11.02,9.18,3.292
Queens,Queensbridge/Ravenswood,15,46,17.05,10.01,3.455
Queens,Queensbridge/Ravenswood,16,35,12.63,9.97,3.021
Queens,Queensbridge/Ravenswood,17,42,20.43,9.79,3.394
Queens,Queensbridge/Ravenswood,18,49,9.48,9.99,2.778
Queens,Queensbridge/Ravenswood,19,29,10.47,10.42,2.916
Queens,Queensbridge/Ravenswood,20,14,13.55,11.06,3.164
Queens,Queensbridge/Ravenswood,21,5,17.58,10.71,3.576
Queens,Queensbridge/Ravenswood,22,10,16.55,13.18,4.261
Queens,Queensbridge/Ravenswood,23,17,18.18,13.13,5.528
Queens,Rego Park,0,19,17.52,23.13,6.375
Queens,Rego Park,1,7,10.98,22.75,3.563
Queens,Rego Park,2,8,13.87,12.75,3.255
Queens,Rego Park,3,4,18.49,20.16,5.46
Queens,Rego Park,4,2,17.02,25.46,7.37
Queens,Rego Park,5,13,21.02,20.08,7.294
Queens,Rego Park,6,24,26.59,18.74,7.571
Queens,Rego Park,7,49,20.85,16.9,6.149
Queens,Rego Park,8,26,17.3,14.21,5.401
Queens,Rego Park,9,20,31.42,13.58,8.033
Queens,Rego Park,10,9,18.6,18.36,7.082
Queens,Rego Park,11,20,21.93,9.61,5.602
Queens,Rego Park,12,15,19.78,21.31,6.837
Queens,Rego Park,13,14,23.34,11.71,5.33
Queens,Rego Park,14,31,24.87,11.63,5.524
Queens,Rego Park,15,25,24.63,12.62,5.966
Queens,Rego Park,16,12,20.4,11.31,5.394
Queens,Rego Park,17,25,20.0,12.22,5.566
Queens,Rego Park,18,33,17.43,12.31,4.691
Queens,Rego Park,19,27,20.12,12.68,4.973
Queens,Rego Park,20,23,16.77,15.74,5.982
Queens,Rego Park,21,30,15.98,18.01,5.696
Queens,Rego Park,22,20,16.28,21.05,6.075
Queens,Rego Park,23,20,15.88,17.91,5.658
Queens,Richmond Hill,0,46,15.78,19.97,5.995
Queens,Richmond Hill,1,27,16.72,17.57,6.201
Queens,Richmond Hill,2,25,12.98,19.32,5.258
Queens,Richmond Hill,3,47,15.73,18.33,6.396
Queens,Richmond Hill,4,51,17.05,19.83,6.618
Queens,Richmond Hill,5,37,19.08,15.73,6.806
Queens,Richmond Hill,6,71,23.58,14.17,7.114
Queens,Richmond Hill,7,165,22.32,12.2,6.132
Queens,Richmond Hill,8,145,19.98,12.84,5.984
Queens,Richmond Hill,9,52,14.08,13.31,4.507
Queens,Richmond Hill,10,34,18.57,12.84,5.856
Queens,Richmond Hill,11,48,14.53,12.56,4.658
Queens,Richmond Hill,12,52,14.88,14.14,5.211
Queens,Richmond Hill,13,62,13.73,12.85,5.155
Queens,Richmond Hill,14,103,16.48,11.35,5.144
Queens,Richmond Hill,15,138,48.51,12.1,9.343
Queens,Richmond Hill,16,141,39.22,13.74,10.394
Queens,Richmond Hill,17,49,11.43,12.7,3.821
Queens,Richmond Hill,18,29,14.33,18.33,5.249
Queens,Richmond Hill,19,31,14.15,16.71,5.608
Queens,Richmond Hill,20,35,12.77,12.46,4.048
Queens,Richmond Hill,21,30,14.45,14.7,4.15
Queens,Richmond Hill,22,51,14.2,16.15,4.463
Queens,Richmond Hill,23,66,15.12,17.48,5.867
Queens,Ridgewood,0,19,24.12,11.52,5.497
Queens,Ridgewood,1,14,19.82,14.22,5.619
Queens,Ridgewood,2,22,19.02,14.4,6.164
Queens,Ridgewood,3,20,21.89,12.98,5.763
Queens,Ridgewood,4,35,19.47,13.9,5.117
Queens,Ridgewood,5,32,19.53,13.12,5.364
Queens,Ridgewood,6,46,25.02,14.57,6.882
Queens,Ridgewood,7,51,28.63,12.2,6.252
Queens,Ridgewood,8,46,32.52,9.17,5.261
Queens,Ridgewood,9,32,21.84,11.19,5.305
Queens,Ridgewood,10,17,26.42,10.08,5.798
Queens,Ridgewood,11,22,27.23,9.65,5.537
Queens,Ridgewood,12,19,25.65,9.87,6.716
Queens,Ridgewood,13,14,22.38,12.23,4.734
Queens,Ridgewood,14,14,25.12,10.91,4.959
Queens,Ridgewood,15,17,27.47,9.83,4.101
Queens,Ridgewood,16,10,20.98,10.93,4.331
Queens,Ridgewood,17,13,22.35,11.22,4.123
Queens,Ridgewood,18,24,21.44,10.17,4.29
Queens,Ridgewood,19,15,21.38,12.29,4.692
Queens,Ridgewood,20,7,25.25,11.24,5.27
Queens,Ridgewood,21,20,22.26,11.37,6.275
Queens,Ridgewood,22,32,19.36,12.5,4.819
Queens,Ridgewood,23,28,19.22,13.34,5.261
Queens,Rockaway Park,0,1,23.52,18.88,7.4
Queens,Rockaway Park,1,3,15.82,16.84,4.487
Queens,Rockaway Park,2,2,6.88,13.53,1.405
Queens,Rockaway Park,4,8,49.79,22.31,15.826
Queens,Rockaway Park,5,6,55.14,17.11,14.543
Queens,Rockaway Park,6,3,37.1,18.11,13.233
Queens,Rockaway Park,7,15,47.55,12.29,11.301
Queens,Rockaway Park,8,5,47.13,19.04,13.774
Queens,Rockaway Park,9,11,28.35,15.07,10.347
Queens,Rockaway Park,10,8,53.18,12.13,10.488
Queens,Rockaway Park,11,2,40.39,13.74,11.2
Queens,Rockaway Park,12,4,29.81,13.63,9.375
Queens,Rockaway Park,13,7,32.77,14.72,12.87
Queens,Rockaway Park,14,8,53.08,15.34,12.636
Queens,Rockaway Park,15,7,40.58,12.88,11.277
Queens,Rockaway Park,16,2,56.98,15.57,15.18
Queens,Rockaway Park,17,7,28.73,14.83,7.063
Queens,Rockaway Park,18,6,30.77,15.92,9.752
Queens,Rockaway Park,19,4,58.74,14.1,13.815
Queens,Rockaway Park,21,7,33.55,27.64,17.67
Queens,Rockaway Park,22,2,18.08,12.4,3.72
Queens,Rockaway Park,23,2,42.32,20.81,14.905
Queens,Rosedale,0,5,20.52,23.79,11.704
Queens,Rosedale,1,5,17.0,34.6,8.264
Queens,Rosedale,2,1,20.68,30.31,10.45
Queens,Rosedale,3,6,19.87,37.13,12.623
Queens,Rosedale,4,4,22.63,21.81,9.628
Queens,Rosedale,5,37,48.1,17.47,12.115
Queens,Rosedale,6,26,34.11,15.28,11.574
Queens,Rosedale,7,18,34.08,14.22,8.583
Queens,Rosedale,8,15,37.03,14.24,9.463
Queens,Rosedale,9,9,28.93,16.76,10.763
Queens,Rosedale,10,9,40.75,18.55,14.116
Queens,Rosedale,11,4,34.07,21.04,14.243
Queens,Rosedale,12,11,39.62,16.84,13.595
Queens,Rosedale,13,11,41.17,15.17,8.385
Queens,Rosedale,14,9,44.58,12.83,14.153
Queens,Rosedale,15,9,41.6,13.63,9.962
Queens,Rosedale,16,2,31.31,24.4,11.2
Queens,Rosedale,17,6,42.33,14.97,10.283
Queens,Rosedale,18,2,7.53,3.97,0.26
Queens,Rosedale,19,3,27.4,9.47,5.86
Queens,Rosedale,20,7,14.68,22.38,7.643
Queens,Rosedale,21,4,32.31,23.93,11.393
Queens,Rosedale,22,12,23.18,23.73,9.947
Queens,Rosedale,23,6,14.26,27.72,7.293
Queens,Saint Albans,0,12,17.69,21.92,8.394
Queens,Saint Albans,1,9,24.18,17.19,7.671
Queens,Saint Albans,2,6,13.08,15.14,3.548
Queens,Saint Albans,3,8,22.58,16.82,6.654
Queens,Saint Albans,4,12,27.88,25.98,11.889
Queens,Saint Albans,5,33,48.75,14.92,10.872
Queens,Saint Albans,6,57,49.58,13.53,10.225
Queens,Saint Albans,7,72,31.87,12.33,7.996
Queens,Saint Albans,8,78,23.07,12.71,7.49
Queens,Saint Albans,9,37,40.68,13.31,9.792
Queens,Saint Albans,10,22,43.13,13.69,8.918
Queens,Saint Albans,11,21,39.67,15.08,8.821
Queens,Saint Albans,12,32,45.11,12.94,9.754
Queens,Saint Albans,13,27,29.82,13.35,7.338
Queens,Saint Albans,14,41,20.37,11.46,5.905
Queens,Saint Albans,15,27,48.27,10.8,8.094
Queens,Saint Albans,16,10,15.33,11.37,6.065
Queens,Saint Albans,17,11,32.22,12.63,7.961
Queens,Saint Albans,18,7,30.1,17.0,9.26
Queens,Saint Albans,19,7,47.67,18.77,13.666
Queens,Saint Albans,20,14,39.43,17.74,10.746
Queens,Saint Albans,21,9,33.5,14.85,9.004
Queens,Saint Albans,22,5,20.03,14.71,6.618
Queens,Saint Albans,23,17,23.6,20.72,8.204
Queens,Saint Michaels Cemetery/Woodside,8,1,30.48,14.6,7.42
Queens,Saint Michaels Cemetery/Woodside,9,5,12.98,23.01,5.332
Queens,Saint Michaels Cemetery/Woodside,10,4,18.07,21.63,6.54
Queens,Saint Michaels Cemetery/Woodside,11,4,27.99,16.16,7.795
Queens,Saint Michaels Cemetery/Woodside,12,9,20.08,18.91,6.188
Queens,Saint Michaels Cemetery/Woodside,13,3,18.32,17.88,6.453
Queens,Saint Michaels Cemetery/Woodside,14,4,17.13,20.68,6.955
Queens,Saint Michaels Cemetery/Woodside,15,3,23.48,16.54,7.033
Queens,Saint Michaels Cemetery/Woodside,16,2,10.23,20.95,3.59
Queens,Saint Michaels Cemetery/Woodside,17,3,22.72,17.59,4.84
Queens,Saint Michaels Cemetery/Woodside,18,1,20.75,20.13,6.96
Queens,Saint Michaels Cemetery/Woodside,19,3,21.78,20.39,7.84
Queens,Saint Michaels Cemetery/Woodside,20,5,24.2,28.09,8.486
Queens,Saint Michaels Cemetery/Woodside,21,2,19.39,21.19,6.805
Queens,Saint Michaels Cemetery/Woodside,22,7,15.17,23.47,6.553
Queens,Saint Michaels Cemetery/Woodside,23,3,22.4,25.54,10.973
Queens,South Jamaica,0,26,22.93,22.82,8.545
Queens,South Jamaica,1,14,24.05,20.93,8.666
Queens,South Jamaica,2,8,13.55,18.49,5.833
Queens,South Jamaica,3,8,12.38,22.77,5.94
Queens,South Jamaica,4,11,21.52,26.46,8.325
Queens,South Jamaica,5,22,34.36,17.14,10.842
Queens,South Jamaica,6,82,35.39,13.36,9.162
Queens,South Jamaica,7,118,27.98,12.92,7.755
Queens,South Jamaica,8,66,22.77,11.97,6.647
Queens,South Jamaica,9,49,25.75,13.24,7.631
Queens,South Jamaica,10,31,28.28,15.83,9.26
Queens,South Jamaica,11,27,34.67,15.97,8.851
Queens,South Jamaica,12,42,27.65,14.2,9.158
Queens,South Jamaica,13,42,30.17,12.42,7.939
Queens,South Jamaica,14,50,23.48,11.24,6.635
Queens,South Jamaica,15,38,30.67,15.43,8.201
Queens,South Jamaica,16,34,43.17,18.53,11.848
Queens,South Jamaica,17,15,24.05,20.37,8.731
Queens,South Jamaica,18,21,28.55,19.34,10.031
Queens,South Jamaica,19,19,31.37,24.99,10.859
Queens,South Jamaica,20,19,28.7,24.72,11.508
Queens,South Jamaica,21,20,23.82,25.9,10.632
Queens,South Jamaica,22,34,25.22,22.92,9.702
Queens,South Jamaica,23,54,25.58,22.21,9.668
Queens,South Ozone Park,0,71,15.48,17.42,5.975
Queens,South Ozone Park,1,44,16.53,15.78,5.567
Queens,South Ozone Park,2,25,24.0,20.19,8.555
Queens,South Ozone Park,3,28,15.53,17.84,6.352
Queens,South Ozone Park,4,35,11.0,21.54,5.859
Queens,South Ozone Park,5,46,25.73,19.23,8.081
Queens,South Ozone Park,6,97,17.58,14.06,6.85
Queens,South Ozone Park,7,188,21.57,11.86,5.885
Queens,South Ozone Park,8,176,20.73,12.14,5.99
Queens,South Ozone Park,9,69,16.4,14.85,6.461
Queens,South Ozone Park,10,48,16.09,16.92,5.915
Queens,South Ozone Park,11,48,24.43,17.78,8.596
Queens,South Ozone Park,12,64,13.71,17.43,6.755
Queens,South Ozone Park,13,94,10.9,14.25,4.608
Queens,South Ozone Park,14,90,10.34,14.41,4.578
Queens,South Ozone Park,15,50,12.82,14.57,5.39
Queens,South Ozone Park,16,58,10.13,21.59,6.448
Queens,South Ozone Park,17,55,11.42,22.99,5.156
Queens,South Ozone Park,18,51,17.87,11.94,5.641
Queens,South Ozone Park,19,42,15.65,13.47,6.205
Queens,South Ozone Park,20,39,13.0,13.09,5.444
Queens,South Ozone Park,21,64,19.7,17.38,7.889
Queens,South Ozone Park,22,68,19.98,15.12,6.99
Queens,South Ozone Park,23,94,19.87,21.56,8.601
Queens,Springfield Gardens North,0,5,20.93,13.53,7.244
Queens,Springfield Gardens North,1,2,17.9,20.35,6.445
Queens,Springfield Gardens North,2,2,9.31,17.13,2.665
Queens,Springfield Gardens North,3,4,14.29,27.53,6.47
Queens,Springfield Gardens North,4,17,39.6,22.12,11.901
Queens,Springfield Gardens North,5,40,30.19,18.03,10.41
Queens,Springfield Gardens North,6,49,40.35,13.34,9.25
Queens,Springfield Gardens North,7,60,38.02,11.75,8.548
Queens,Springfield Gardens North,8,52,37.08,12.28,8.944
Queens,Springfield Gardens North,9,29,54.7,12.44,10.527
Queens,Springfield Gardens North,10,24,45.06,11.72,8.963
Queens,Springfield Gardens North,11,14,44.83,14.52,10.874
Queens,Springfield Gardens North,12,21,22.62,12.99,7.576
Queens,Springfield Gardens North,13,15,30.4,13.6,7.276
Queens,Springfield Gardens North,14,15,22.1,12.92,5.845
Queens,Springfield Gardens North,15,23,18.0,11.39,5.703
Queens,Springfield Gardens North,16,12,19.53,13.33,7.849
Queens,Springfield Gardens North,17,11,25.0,9.02,6.237
Queens,Springfield Gardens North,18,10,34.13,14.11,8.893
Queens,Springfield Gardens North,19,5,26.07,17.91,7.6
Queens,Springfield Gardens North,20,4,29.7,16.59,9.005
Queens,Springfield Gardens North,21,10,42.93,21.2,15.868
Queens,Springfield Gardens North,22,17,20.9,21.54,8.599
Queens,Springfield Gardens North,23,16,19.12,20.97,8.669
Queens,Springfield Gardens South,0,28,15.38,26.29,7.485
Queens,Springfield Gardens South,1,11,26.55,33.72,14.494
Queens,Springfield Gardens South,2,7,17.9,27.66,11.954
Queens,Springfield Gardens South,3,10,25.58,28.9,12.766
Queens,Springfield Gardens South,4,15,26.83,26.75,12.732
Queens,Springfield Gardens South,5,31,27.48,25.08,14.672
Queens,Springfield Gardens South,6,33,31.15,14.93,11.652
Queens,Springfield Gardens South,7,55,45.8,12.84,11.463
Queens,Springfield Gardens South,8,31,46.27,14.48,11.696
Queens,Springfield Gardens South,9,11,21.72,24.38,10.864
Queens,Springfield Gardens South,10,19,38.72,18.0,11.959
Queens,Springfield Gardens South,11,19,40.02,18.2,11.334
Queens,Springfield Gardens South,12,16,23.16,19.22,9.232
Queens,Springfield Gardens South,13,19,32.22,22.53,10.507
Queens,Springfield Gardens South,14,24,17.55,18.4,8.061
Queens,Springfield Gardens South,15,34,27.53,15.56,8.93
Queens,Springfield Gardens South,16,24,41.19,19.13,13.175
Queens,Springfield Gardens South,17,18,36.17,20.94,12.489
Queens,Springfield Gardens South,18,22,35.87,21.67,14.426
Queens,Springfield Gardens South,19,21,32.82,26.56,13.054
Queens,Springfield Gardens South,20,20,28.86,25.39,12.507
Queens,Springfield Gardens South,21,38,30.64,26.91,13.81
Queens,Springfield Gardens South,22,26,23.45,32.82,14.889
Queens,Springfield Gardens South,23,32,25.85,30.6,12.292
Queens,Steinway,0,33,16.35,21.22,5.989
Queens,Steinway,1,30,15.99,23.34,6.222
Queens,Steinway,2,12,13.6,17.06,5.63
Queens,Steinway,3,13,19.13,21.7,7.531
Queens,Steinway,4,24,17.01,19.36,6.341
Queens,Steinway,5,10,15.83,28.01,6.525
Queens,Steinway,6,22,19.96,18.39,6.75
Queens,Steinway,7,51,19.03,12.46,5.124
Queens,Steinway,8,63,18.23,13.09,5.445
Queens,Steinway,9,34,23.01,14.45,6.398
Queens,Steinway,10,27,18.78,12.7,4.393
Queens,Steinway,11,49,15.6,17.81,5.27
Queens,Steinway,12,34,22.28,15.3,6.081
Queens,Steinway,13,30,16.77,19.13,5.791
Queens,Steinway,14,39,19.33,16.44,5.874
Queens,Steinway,15,48,21.42,13.1,5.293
Queens,Steinway,16,38,15.62,17.57,4.631
Queens,Steinway,17,35,20.62,14.21,5.255
Queens,Steinway,18,26,25.08,16.35,6.293
Queens,Steinway,19,33,15.45,20.5,6.799
Queens,Steinway,20,39,13.98,20.58,5.282
Queens,Steinway,21,53,18.68,22.28,6.84
Queens,Steinway,22,41,16.78,19.02,5.961
Queens,Steinway,23,51,16.42,19.5,6.087
Queens,Sunnyside,0,100,16.82,14.43,5.268
Queens,Sunnyside,1,41,13.35,14.79,4.057
Queens,Sunnyside,2,53,11.27,12.61,3.718
Queens,Sunnyside,3,46,11.79,14.91,4.345
Queens,Sunnyside,4,83,16.32,21.4,6.844
Queens,Sunnyside,5,92,15.78,17.49,5.897
Queens,Sunnyside,6,199,16.0,15.52,5.239
Queens,Sunnyside,7,277,19.62,12.41,4.705
Queens,Sunnyside,8,230,19.38,11.97,4.711
Queens,Sunnyside,9,137,16.5,12.35,4.616
Queens,Sunnyside,10,114,17.83,12.29,4.808
Queens,Sunnyside,11,115,18.08,13.14,5.318
Queens,Sunnyside,12,117,19.33,13.42,5.889
Queens,Sunnyside,13,147,18.47,12.96,5.758
Queens,Sunnyside,14,155,20.9,11.69,5.852
Queens,Sunnyside,15,166,22.43,12.36,6.072
Queens,Sunnyside,16,180,18.29,11.37,5.6
Queens,Sunnyside,17,162,22.07,11.71,5.699
Queens,Sunnyside,18,149,19.0,12.4,5.012
Queens,Sunnyside,19,116,16.82,13.48,4.61
Queens,Sunnyside,20,101,15.97,12.91,4.337
Queens,Sunnyside,21,112,19.27,14.54,5.619
Queens,Sunnyside,22,124,15.83,14.62,5.06
Queens,Sunnyside,23,130,16.35,14.9,4.739
Queens,Whitestone,0,3,9.92,15.25,3.047
Queens,Whitestone,1,2,9.75,25.68,4.325
Queens,Whitestone,2,1,15.27,38.24,9.73
Queens,Whitestone,3,2,26.59,31.49,13.345
Queens,Whitestone,4,2,19.79,20.86,7.8
Queens,Whitestone,5,2,46.59,25.38,16.825
Queens,Whitestone,6,11,17.98,25.7,8.009
Queens,Whitestone,7,11,17.73,12.21,7.084
Queens,Whitestone,8,13,46.02,13.47,10.595
Queens,Whitestone,9,2,18.86,21.82,6.845
Queens,Whitestone,10,2,17.93,19.44,5.8
Queens,Whitestone,11,4,17.53,19.07,7.645
Queens,Whitestone,12,6,30.85,14.76,8.03
Queens,Whitestone,13,8,27.58,18.58,8.466
Queens,Whitestone,14,7,18.57,24.37,7.636
Queens,Whitestone,15,11,20.37,12.89,7.855
Queens,Whitestone,16,4,12.71,20.97,7.213
Queens,Whitestone,17,6,28.43,17.27,8.735
Queens,Whitestone,18,5,15.93,21.35,7.806
Queens,Whitestone,19,2,12.97,28.75,6.265
Queens,Whitestone,20,7,23.27,25.59,8.83
Queens,Whitestone,21,9,13.73,23.18,5.51
Queens,Whitestone,22,6,12.17,24.92,4.908
Queens,Whitestone,23,8,16.97,22.89,7.621
Queens,Willets Point,8,2,29.78,16.23,8.615
Queens,Willets Point,10,1,23.62,19.28,7.59
Queens,Willets Point,11,2,27.18,24.3,11.015
Queens,Willets Point,13,2,28.44,24.51,11.7
Queens,Willets Point,14,1,33.08,20.31,11.2
Queens,Willets Point,16,1,29.8,20.6,10.23
Queens,Willets Point,21,1,24.43,28.61,11.65
Queens,Willets Point,22,1,11.07,35.4,6.53
Queens,Woodhaven,0,24,20.12,17.87,7.622
Queens,Woodhaven,1,9,20.27,20.32,8.307
Queens,Woodhaven,2,16,19.61,13.98,4.952
Queens,Woodhaven,3,14,16.36,15.45,6.394
Queens,Woodhaven,4,26,12.83,13.9,4.603
Queens,Woodhaven,5,33,23.95,17.13,8.45
Queens,Woodhaven,6,60,31.48,13.13,7.727
Queens,Woodhaven,7,98,26.33,11.43,6.05
Queens,Woodhaven,8,72,22.68,11.88,6.15
Queens,Woodhaven,9,20,24.83,12.55,6.778
Queens,Woodhaven,10,16,23.03,11.88,6.151
Queens,Woodhaven,11,21,19.68,12.2,5.995
Queens,Woodhaven,12,17,22.28,11.31,6.959
Queens,Woodhaven,13,27,19.17,11.09,5.177
Queens,Woodhaven,14,26,20.31,10.79,5.534
Queens,Woodhaven,15,15,22.23,10.79,4.976
Queens,Woodhaven,16,15,23.87,11.65,6.523
Queens,Woodhaven,17,10,27.4,11.21,8.966
Queens,Woodhaven,18,7,25.93,13.62,5.321
Queens,Woodhaven,19,14,24.81,11.59,4.899
Queens,Woodhaven,20,5,11.35,11.48,2.24
Queens,Woodhaven,21,22,23.13,12.22,5.726
Queens,Woodhaven,22,25,22.62,17.05,6.946
Queens,Woodhaven,23,25,18.22,15.4,5.834
Queens,Woodside,0,39,8.5,13.3,3.564
Queens,Woodside,1,22,14.18,12.28,4.198
Queens,Woodside,2,40,13.63,13.01,4.214
Queens,Woodside,3,43,13.58,14.61,5.025
Queens,Woodside,4,67,12.6,13.72,4.092
Queens,Woodside,5,38,14.98,21.57,5.699
Queens,Woodside,6,61,20.05,15.37,6.043
Queens,Woodside,7,109,20.38,11.45,4.233
Queens,Woodside,8,87,20.57,10.71,4.491
Queens,Woodside,9,39,23.28,9.98,5.443
Queens,Woodside,10,43,13.25,11.86,4.154
Queens,Woodside,11,25,16.82,12.37,5.267
Queens,Woodside,12,34,18.1,13.78,5.494
Queens,Woodside,13,38,18.08,12.36,4.726
Queens,Woodside,14,33,19.75,12.76,5.932
Queens,Woodside,15,40,20.67,11.54,5.704
Queens,Woodside,16,46,12.83,12.69,3.715
Queens,Woodside,17,46,16.99,12.29,5.202
Queens,Woodside,18,46,16.51,11.81,4.462
Queens,Woodside,19,34,17.15,13.73,4.873
Queens,Woodside,20,29,11.4,14.33,3.702
Queens,Woodside,21,52,14.05,14.71,4.475
Queens,Woodside,22,37,12.08,18.36,4.58
Queens,Woodside,23,40,13.28,15.63,4.477
Staten Island,Arden Heights,11,1,49.95,38.89,32.38
Staten Island,Arden Heights,13,1,30.47,13.65,6.93
Staten Island,Arrochar/Fort Wadsworth,0,1,1.85,48.97,1.51
Staten Island,Arrochar/Fort Wadsworth,4,2,26.38,34.53,15.095
Staten Island,Arrochar/Fort Wadsworth,5,5,32.07,27.64,15.904
Staten Island,Arrochar/Fort Wadsworth,7,2,32.43,24.39,10.225
Staten Island,Arrochar/Fort Wadsworth,8,4,24.68,21.33,7.858
Staten Island,Arrochar/Fort Wadsworth,9,1,1.4,50.57,1.18
Staten Island,Arrochar/Fort Wadsworth,10,3,11.32,42.15,6.117
Staten Island,Arrochar/Fort Wadsworth,11,4,6.5,30.41,3.495
Staten Island,Arrochar/Fort Wadsworth,12,2,8.73,35.3,4.485
Staten Island,Arrochar/Fort Wadsworth,13,17,11.8,39.1,4.933
Staten Island,Arrochar/Fort Wadsworth,14,8,11.43,40.28,7.588
Staten Island,Arrochar/Fort Wadsworth,15,9,9.53,38.24,5.248
Staten Island,Arrochar/Fort Wadsworth,16,3,4.43,41.14,4.103
Staten Island,Arrochar/Fort Wadsworth,17,2,12.68,36.85,7.775
Staten Island,Arrochar/Fort Wadsworth,18,3,8.65,22.73,5.433
Staten Island,Arrochar/Fort Wadsworth,21,1,12.82,20.93,4.47
Staten Island,Arrochar/Fort Wadsworth,22,1,22.12,18.72,6.9
Staten Island,Arrochar/Fort Wadsworth,23,6,14.48,22.03,6.572
Staten Island,Bloomfield/Emerson Hill,0,1,21.73,37.85,13.71
Staten Island,Bloomfield/Emerson Hill,4,1,20.25,33.19,11.2
Staten Island,Bloomfield/Emerson Hill,9,1,22.87,8.4,3.2
Staten Island,Bloomfield/Emerson Hill,11,1,19.52,17.92,5.83
Staten Island,Bloomfield/Emerson Hill,12,1,24.0,25.87,10.35
Staten Island,Bloomfield/Emerson Hill,13,2,10.59,36.6,6.23
Staten Island,Bloomfield/Emerson Hill,16,1,34.48,0.02,0.01
Staten Island,Bloomfield/Emerson Hill,19,1,55.88,25.4,23.66
Staten Island,Bloomfield/Emerson Hill,20,1,40.07,34.32,22.92
Staten Island,Freshkills Park,3,1,8.18,20.53,2.8
Staten Island,Great Kills,5,2,21.96,22.46,9.5
Staten Island,Great Kills,9,1,55.88,27.37,25.49
Staten Island,Great Kills,13,1,119.35,11.61,23.09
Staten Island,Grymes Hill/Clifton,6,2,24.54,36.19,14.935
Staten Island,Grymes Hill/Clifton,7,1,16.85,18.34,5.15
Staten Island,Grymes Hill/Clifton,8,4,32.18,12.2,8.063
Staten Island,Grymes Hill/Clifton,10,1,57.32,2.76,2.64
Staten Island,Grymes Hill/Clifton,15,1,42.25,0.06,0.04
Staten Island,Heartland Village/Todt Hill,8,1,34.77,19.48,11.29
Staten Island,Heartland Village/Todt Hill,11,1,59.9,16.98,16.95
Staten Island,Heartland Village/Todt Hill,14,1,20.37,33.29,11.3
Staten Island,Heartland Village/Todt Hill,15,1,14.93,31.22,7.77
Staten Island,Heartland Village/Todt Hill,23,2,33.06,37.15,20.195
Staten Island,Mariners Harbor,6,1,43.0,17.08,12.24
Staten Island,Mariners Harbor,7,1,42.47,29.53,20.9
Staten Island,Mariners Harbor,10,1,59.58,17.64,17.52
Staten Island,Mariners Harbor,16,1,59.93,32.23,32.19
Staten Island,New Dorp/Midland Beach,0,1,30.6,21.9,11.17
Staten Island,New Dorp/Midland Beach,1,1,36.45,33.1,20.11
Staten Island,New Dorp/Midland Beach,3,1,6.58,16.77,1.84
Staten Island,New Dorp/Midland Beach,5,1,27.27,27.84,12.65
Staten Island,New Dorp/Midland Beach,6,2,29.75,20.87,10.265
Staten Island,New Dorp/Midland Beach,8,4,15.93,18.57,4.865
Staten Island,New Dorp/Midland Beach,14,1,19.03,32.63,10.35
Staten Island,Oakwood,2,1,23.88,25.17,10.02
Staten Island,Oakwood,7,1,29.47,28.59,14.04
Staten Island,Port Richmond,8,1,6.2,12.58,1.3
Staten Island,Port Richmond,15,1,33.22,5.71,3.16
Staten Island,Rossville/Woodrow,0,1,28.05,35.76,16.72
Staten Island,Rossville/Woodrow,22,1,21.57,34.19,12.29
Staten Island,Rossville/Woodrow,23,1,46.45,38.3,29.65
Staten Island,Saint George/New Brighton,0,1,34.47,28.83,16.56
Staten Island,Saint George/New Brighton,4,1,11.82,34.88,6.87
Staten Island,Saint George/New Brighton,6,1,31.7,26.33,13.91
Staten Island,Saint George/New Brighton,7,2,24.35,22.89,9.21
Staten Island,Saint George/New Brighton,11,1,59.45,15.91,15.76
Staten Island,Saint George/New Brighton,22,1,50.65,25.09,21.18
Staten Island,South Beach/Dongan Hills,0,1,14.4,23.25,5.58
Staten Island,South Beach/Dongan Hills,2,2,7.36,14.89,1.835
Staten Island,South Beach/Dongan Hills,3,1,17.0,21.78,6.17
Staten Island,South Beach/Dongan Hills,7,3,22.03,14.46,6.923
Staten Island,South Beach/Dongan Hills,8,3,20.63,20.94,6.23
Staten Island,South Beach/Dongan Hills,12,1,14.73,34.66,8.51
Staten Island,South Beach/Dongan Hills,13,2,29.93,27.0,14.205
Staten Island,South Beach/Dongan Hills,14,2,25.48,29.08,12.46
Staten Island,South Beach/Dongan Hills,15,1,23.37,25.63,9.98
Staten Island,South Beach/Dongan Hills,16,1,28.33,24.12,11.39
Staten Island,South Beach/Dongan Hills,19,1,30.43,20.56,10.43
Staten Island,South Beach/Dongan Hills,20,2,13.99,10.96,3.045
Staten Island,South Beach/Dongan Hills,21,1,18.38,19.62,6.01
Staten Island,South Beach/Dongan Hills,22,1,2.0,16.5,0.55
Staten Island,South Beach/Dongan Hills,23,1,13.38,23.18,5.17
Staten Island,Stapleton,3,1,16.43,22.34,6.12
Staten Island,Stapleton,6,2,29.97,22.91,11.99
Staten Island,Stapleton,7,13,36.63,15.94,10.436
Staten Island,Stapleton,8,3,43.42,10.65,9.637
Staten Island,Stapleton,11,1,31.0,19.26,9.95
Staten Island,Stapleton,12,1,59.75,7.31,7.28
Staten Island,Stapleton,14,1,9.75,19.45,3.16
Staten Island,Stapleton,21,1,3.63,14.37,0.87
Staten Island,Stapleton,22,2,18.52,28.21,8.885
Staten Island,Stapleton,23,2,12.46,23.6,4.96
Staten Island,West Brighton,6,1,27.73,29.73,13.74
Staten Island,West Brighton,8,1,109.52,5.37,9.8
Staten Island,West Brighton,21,1,11.53,15.61,3.0
Staten Island,Westerleigh,0,1,15.03,19.84,4.97
Staten Island,Westerleigh,1,1,40.6,21.43,14.5
Staten Island,Westerleigh,5,1,7.88,17.96,2.36
Staten Island,Westerleigh,6,1,20.5,15.07,5.15
Staten Island,Westerleigh,7,3,36.08,16.87,12.14
Staten Island,Westerleigh,8,1,31.98,16.51,8.8
Staten Island,Westerleigh,21,1,8.75,19.13,2.79
